微博id,uni_id,url,主页,发布时间,国家,城市,微博bid,微博作者,微博内容,性别,情感倾向,点赞数,爬取时间,用户关注数,用户简介,省份,粉丝数,评论数,转发数
1064324292.0,,https://m.weibo.cn/detail/P3ClLpHmk,,2024-12-06 16:39:11,中国,德州,P3ClLpHmk,民进德州市委会,,,0.5,,2024-12-09 01:58:51,,,山东,,,
6456202075.0,,https://m.weibo.cn/detail/P3uVdm15m,https://m.weibo.cn/u/5305157796?,2024-12-05 21:44:32,中国,无锡,P3uVdm15m,葳葳不疼,12月3日，德州市新能源新材料产业技术供需对接会在济南举行。活动现场，省创新发展研究院与德州市科技局签订深化科技成果转化合作协议。山东大学与山东汇龙电工股份有限公司“多头漆包机智能解耦合温控数字化技术开发应用与推广”等6个项目签约。（德州日报） ,m,0.4460055780131762,58.0,2024-12-09 01:58:51,488.0,,江苏,7071,69.0,69.0
6523224110.0,,https://m.weibo.cn/detail/P3URrCUVd,https://m.weibo.cn/u/6813828135?,2024-12-08 15:46:41,中国,泰安,P3URrCUVd,陳陈晨辰尘陈,真希望突然天降一个开着柯尼塞格的185➕8块腹肌的大帅哥，一把夺过我的笔，撕掉我的试卷，然后在我耳边说“别说了，山东大学校长你来当” ,f,0.9890467511968898,1.0,2024-12-09 01:58:51,157.0,这里介绍不了我,山东,392,0.0,0.0
6576723261.0,,https://m.weibo.cn/detail/P3VzJ6nt2,https://m.weibo.cn/u/7213780120?,2024-12-08 17:35:46,中国,,P3VzJ6nt2,王圈圈不爱转圈圈,山东大学漂亮饭 ,f,0.9910670079601588,1.0,2024-12-09 01:58:51,118.0,镇魂｜你所期盼的都会稳稳妥妥的到来👌🏻,山东,39,1.0,0.0
6599253930.0,,https://m.weibo.cn/detail/P3VRzfFa9,https://m.weibo.cn/u/7703310777?,2024-12-08 18:19:44,中国,青岛,P3VRzfFa9,Eddie22894,济南，我来啦 济南，我走啦 哈哈哈第二次来济南只停留了6小时，但是去感受了一下亚洲第二大食堂哈哈哈济南·齐园餐厅(山东大学中心校区店) ,f,0.9977590401488252,5.0,2024-12-09 01:58:51,122.0,万物喜欢,山东,53,0.0,0.0
6599253930.0,,https://m.weibo.cn/detail/P3AHRswBl,https://m.weibo.cn/u/7848654933?,2024-12-06 12:28:07,中国,青岛,P3AHRswBl,Eddie22894,小区位置：华夏福地  商圈：印象城 洪家楼 山东大学  南向 主卧 带阳台 可月付 可短租 高性价比 电梯房 全实体墙 济南·洪家楼 ,m,0.9358486369838636,0.0,2024-12-09 01:58:51,12.0,绿泡泡➕17353399035,山东,1,0.0,0.0
6646969467.0,,https://m.weibo.cn/detail/P3Khrca81,https://m.weibo.cn/u/5889025835?,2024-12-07 12:50:30,中国,济南,P3Khrca81,kk公主桃梨枣八,济南租房个人房子 济南·利农花园  山大路利农花园小区次卧出租，  带空调  有热水器 洗衣机 暖气衣橱等 简单家具 通风好 采光好 交通便利 附近有山东大学 科技市场 华强 老东门 中心医院 洪楼 等等 非中介托管 ,f,0.6309839604673776,1.0,2024-12-09 01:58:51,103.0,,山东,4,1.0,0.0
6675861498.0,,https://m.weibo.cn/detail/P3wn88pBF,https://m.weibo.cn/u/3541728125?,2024-12-06 01:26:04,中国,济南,P3wn88pBF,豆本豆豆奶一定能长高,#蚌埠本地# 【全市唯一！“垓下遗址景区推动文旅融合发展”入选 第二批长三角人文经济典型案例】 近日，第五届长三角国际文化产业博览会开幕。开幕式上，“第二批长三角人文经济典型案例”正式发布，“垓下遗址景区推动文旅融合发展”案例成功入选，这也是我市唯一入选的案例。 近年来，固镇县坚持以文 ...全文,f,0.9999999935379972,0.0,2024-12-09 01:58:51,556.0,蚌埠报业传媒集团承办,山东,5.4万,0.0,0.0
6692661652.0,,https://m.weibo.cn/detail/P3MWNF0KD,https://m.weibo.cn/u/1679114392?,2024-12-07 19:37:54,中国,济南,P3MWNF0KD,晚来天欲雪y-,何以中国丨#齐文化##何以中国弦歌不辍# 今年山东齐文化的亮点颇多，一起来看看亮点吧！ 亮点一《齐书》发布：《齐书》这部大型文献集成摘选古文本360余种，2000余卷，成为齐文化领域最全面最权威的图书。 亮点二 学术合作深化：尼山中华优秀传统文化联合研究生院专题研修基地签约，山东大学与齐文化博 ...全文,f,0.9999999999380376,1.0,2024-12-09 01:58:51,658.0,热不热,山东,199,0.0,0.0
6762417363.0,,https://m.weibo.cn/detail/P3sxM3Qta,https://m.weibo.cn/u/6762417363?,2024-12-05 15:41:18,中国,上海,P3sxM3Qta,用户5427816451,原来山东大学的历史系这么牛啊 ,m,0.988891101789231,0.0,2024-12-09 01:58:51,315.0,,上海,77,0.0,0.0
6762417363.0,,https://m.weibo.cn/detail/P3sxM3Qta,https://m.weibo.cn/u/7747002322?,2024-12-05 15:41:18,中国,上海,P3sxM3Qta,用户5427816451,唱京剧、玩乐队、演话剧……那夜，山东大学青岛校区星光璀璨！网页链接 ,m,0.999999279388996,0.0,2024-12-09 01:58:51,5.0,,上海,134,0.0,0.0
6813828135.0,,https://m.weibo.cn/detail/P3uzaaVpl,https://m.weibo.cn/u/3546569522?,2024-12-05 20:50:13,中国,泰安,P3uzaaVpl,是章鱼小肉蛋,【“宪”在出发，“志”在蔚蓝】#全环境立德树人# 12月5日是第39个#国际志愿者日#，青岛市生态环境局即墨分局联合山东大学环境科学与工程学院开展了“‘宪’在出发，‘志’为蔚蓝”全环境立德树人宣传活动，通过主题宣讲、移动课堂、志愿服务等丰富的活动形式，让绿色新风“吹”进校园。 ...全文,m,0.9999998814192628,0.0,2024-12-09 01:58:51,262.0,青岛市生态环境局即墨分局政务微博,山东,1925,0.0,1.0
6871312866.0,,https://m.weibo.cn/detail/P3TTYrNL7,https://m.weibo.cn/u/6762417363?,2024-12-08 13:20:10,中国,青岛,P3TTYrNL7,fdy小张,原来山东大学的历史系这么牛啊 ,m,0.988891101789231,0.0,2024-12-09 01:58:51,315.0,,山东,77,0.0,0.0
6879785988.0,,https://m.weibo.cn/detail/P3yCZezXY,https://m.weibo.cn/u/7747002322?,2024-12-06 07:10:38,中国,青岛,P3yCZezXY,静默与纷华,唱京剧、玩乐队、演话剧……那夜，山东大学青岛校区星光璀璨！网页链接 ,m,0.999999279388996,0.0,2024-12-09 01:58:51,5.0,,山东,134,0.0,0.0
6879785988.0,,https://m.weibo.cn/detail/P3RuHxxDD,https://m.weibo.cn/u/3546569522?,2024-12-08 07:12:25,中国,青岛,P3RuHxxDD,静默与纷华,【“宪”在出发，“志”在蔚蓝】#全环境立德树人# 12月5日是第39个#国际志愿者日#，青岛市生态环境局即墨分局联合山东大学环境科学与工程学院开展了“‘宪’在出发，‘志’为蔚蓝”全环境立德树人宣传活动，通过主题宣讲、移动课堂、志愿服务等丰富的活动形式，让绿色新风“吹”进校园。 ...全文,m,0.9999998814192628,0.0,2024-12-09 01:58:51,262.0,青岛市生态环境局即墨分局政务微博,山东,1925,0.0,1.0
6882481489.0,,https://m.weibo.cn/detail/P3ueTyRaW,https://m.weibo.cn/u/2155687174?,2024-12-05 20:00:18,中国,福州,P3ueTyRaW,通行线Toursline,小红书最近流行去联合国开会或演讲的“联合国媛”，事实上你只需要花26美元，你也可以去联合国参观。  不过这种套路只有最早搞的那几个人能赚到钱，后面就不行了，因为一帮名媛去联合国发视频，观众刷的太多了，难免露馅。  现在拍短视频的比看短视频的还多，所以普遍感觉流量不够。一有什么东西火了， ...全文,m,0.0072755852756433,1.0,2024-12-09 01:58:51,528.0,原版英语教学 大学英语教师 1000+ 内地/香港/日本/新加坡学生 50%+ KET/PET优秀+卓越   15102878520,福建,2.6万,0.0,0.0
7213780120.0,,https://m.weibo.cn/detail/P3uq8rKXo,https://m.weibo.cn/u/6397583108?,2024-12-05 20:27:59,中国,济南,P3uq8rKXo,甜饼就大葱,山东大学青岛校区校内竟然有个博物馆 不说了，考研四战我要上山青 青岛·山东大学(青岛校区) ,m,0.999999949410622,0.0,2024-12-09 01:58:51,7.0,,山东,3,1.0,0.0
7246693283.0,,https://m.weibo.cn/detail/P3ddRoHNz,https://m.weibo.cn/u/1660069507?,2024-12-04 00:41:03,中国,济南,P3ddRoHNz,xxxxxxxuull,今天是第39个国际志愿者日，今年的主题是“贡献志愿力量 创造美好生活”。今天，让我们一起走进山东大学齐鲁医院的一位志愿者董来东，听她志愿服务的故事。#国际志愿者日#济南 郎哥有话说的微博视频 ,m,0.9919167577373076,0.0,2024-12-09 01:58:51,960.0,做个俗人，一身正气！,山东,7168,0.0,0.0
7265762299.0,,https://m.weibo.cn/detail/P3Fpc3vfu,https://m.weibo.cn/u/1593380125?,2024-12-07 00:25:52,中国,济南,P3Fpc3vfu,你莓柿梅柿叭,25级考研倒计时16天山东大学考研  预计12月11日打印准考证#太奇 2025 年管理类联考辅导#  大家记得关注哦！ ,m,0.9837170736642727,0.0,2024-12-09 01:58:51,1246.0,管理类硕博考研、出国留学规划导师。上善若水，厚德载物。常怀感激之情，常保进取之心，常存敬畏之念。商务合作邮箱tqofficer0722@163.com,山东,2567,0.0,0.0
6485277108.0,,https://m.weibo.cn/detail/P3Nlpodhx,https://m.weibo.cn/u/1813167792?,2024-12-07 20:38:31,中国,,P3Nlpodhx,9Ullll2llllRaaaaa,“以创新实践推进中国哲学社会科学自主知识体系构建”座谈会在山东大学召开网页链接 ,f,0.9999960131863148,0.0,2024-12-09 01:58:51,1681.0,杂志社官网：http://www.kjzyzzs.com,山东,9312,0.0,0.0
6413265151.0,,https://m.weibo.cn/detail/P3IFWuv4L,https://m.weibo.cn/u/5067158731?,2024-12-07 08:45:23,中国,济南,P3IFWuv4L,编外尼姑小王,“韦神”韦东奕的14条个人信息 1.他曾第一届阿里全球数学竞赛夺得金奖。  2.他父亲韦忠礼已经去世，生前曾是山东建筑大学的教授，山东大学的博导，是数学领域当年的专家。  3.他父亲是浙江东阳人，由于在山东教书工作，所以韦东奕是在济南出生长大、上学。  4.他今年33岁，1991年生。  5.他 ...全文,f,1.0,111.0,2024-12-09 01:58:51,8.0,无,山东,49.5万,0.0,3.0
7328617218.0,,https://m.weibo.cn/detail/P3Nm2zuZa,https://m.weibo.cn/u/1559441203?,2024-12-07 20:40:05,中国,青岛,P3Nm2zuZa,是木宁檬吖,今天看论文，发现这么一篇论文，第一单位是山东大学的，合作单位有新加坡的南洋理工跟台湾地区的亚洲大学。虽然学术交流很正常，但你把People's Republic of China跟Taiwan并列，你山东大学就这么没有敏感度吗 ,m,0.9999991769028416,83.0,2024-12-09 01:58:51,912.0,谨慎，这是个男的！第六道菜美食家~本名张芝橙~那个喜欢鞠婧祎的男生~永远爱糖公主~,山东,17万,12.0,11.0
6397583108.0,,https://m.weibo.cn/detail/P3qRKnCAU,https://m.weibo.cn/u/6882481489?,2024-12-05 11:25:01,中国,青岛,P3qRKnCAU,做一只有梦想的阿无,#通行线·轨交#【济南地铁8号线全线贯通】12月5日，在济南轨道交通8号线一期工程建设现场，最后一榀U型梁在潘王路站至山东大学站（均为工程名）区间完成架设，标志着8号线全线桥隧贯通。济南轨道交通8号线一期工程全长25.50公里，其中地下段约5.62公里，高架段约19.88公里。（图源：济南轨道交通社交媒 ...全文,f,0.4360188242492933,22.0,2024-12-09 01:58:51,1079.0,大交通文化推广和传播品牌,山东,51.8万,0.0,0.0
5880497994.0,,https://m.weibo.cn/detail/P3Um3ve3H,https://m.weibo.cn/u/7934077859?,2024-12-08 14:29:21,中国,济南,P3Um3ve3H,北方的海007,选调#选调生# 明日开考，考前划重点扫一扫带走它#公务员考试##公务员考试#山东大学威海#备战公考##公考时政#山东大学威海山东大学威海 威海·鼎成教育高区学习中心 ,m,0.999999999962395,0.0,2024-12-09 01:58:51,13.0,,山东,1,0.0,0.0
5889025835.0,,https://m.weibo.cn/detail/P3tzHeltk,https://m.weibo.cn/u/5399140185?,2024-12-05 18:18:47,中国,德州,P3tzHeltk,真真_198305,【#7000年前古人喜欢住小户型房子#】你可能想不到，7000年前北辛文化时期的先民更喜欢“小户型”的房子。山东大学考古学院教授王芬介绍，北辛文化时期的房子，它最突出的特征就是面积很小，在里边居住的人会比较少，但是有些房子，虽然面积小，但在里面还会发现有一个灶。有的学者也据此提出应该当时已 ...全文,m,0.9999999998379868,3.0,2024-12-09 01:58:51,1114.0,中共潍坊市奎文区委宣传部官方微博,山东,14.7万,3.0,3.0
5948790343.0,P1cmDsrUC,https://m.weibo.cn/detail/P1cmDsrUC,https://m.weibo.cn/u/7488465698?,2024-11-20 18:49:18,中国,柳州,,啬挞,【AI热评：#幼儿园120道题调查家长谁给的权力#？#幼儿园调查问卷问题离谱谁给的权力#】近日，山东省龙口市的郑女士吐槽，开学三个月，孩子所就读的幼儿园给家长连发三份调查问卷。有的问卷长达120道题，其中不乏“更喜欢男孩还是女孩”等不合理问题，以及“摸底”父母职业、家庭收入等内容。对此，龙口 ...全文,m,0.9999917876525352,10.0,2024-12-09 01:58:51,214.0,新闻热线：0534-5326538,广西,5.2万,3.0,0.0
6010821807.0,,https://m.weibo.cn/detail/P3N5WpgCZ,https://m.weibo.cn/u/1064324292?,2024-12-07 20:00:25,中国,北京,P3N5WpgCZ,Cousinners,民进德州市委会2024年度参政议政论坛暨参政议政培训班成功举办！#民主党派##参政议政##论坛#2025德州·山东大学齐鲁医院德州医院 民进德州市委会的微博视频 ,f,0.9999215466251392,0.0,2024-12-09 01:58:51,4.0,爱国、民主、团结、求实,北京,7,0.0,0.0
6047067900.0,,https://m.weibo.cn/detail/P37JQe4jF,https://m.weibo.cn/u/6347998708?,2024-12-03 10:43:21,中国,北京,P37JQe4jF,最爱老物件儿,山大体验卡ending🍂 ,f,0.5319211063136726,5.0,2024-12-09 01:58:51,222.0,都清醒 都独立,北京,295,0.0,0.0
6049105216.0,,https://m.weibo.cn/detail/P3m4l4WEu,https://m.weibo.cn/u/5040305750?,2024-12-04 23:12:17,中国,,P3m4l4WEu,Xuxuland,“齐鲁德医·互助同行”山东大学齐鲁医院德州医院国际志愿者日大型义诊活动举行#德州天衢新区#  网页链接 ,m,0.2141551606452527,0.0,2024-12-09 01:58:51,492.0,,河北,2513,0.0,0.0
6057968751.0,,https://m.weibo.cn/detail/P33LriMWM,https://m.weibo.cn/u/1870706340?,2024-12-03 00:36:18,,,P33LriMWM,无所世事Podcast,潘鲁生，1962年11月出生于山东菏泽，毕业于南京艺术学院，山东工艺美术学院教授，山东大学博士生导师，中国文联全国委员会副主席。 潘鲁生的代表作品有《民艺学论纲》《设计论》《民间工艺学》等，曾获国家“五个一工程奖”、“国家社会科学基金项目优秀成果”一等奖、“中国文艺评论“一等奖等奖项， ...全文,f,1.0,0.0,2024-12-09 01:58:51,1897.0,随心而动💗做最简单快乐的你💗,,1005,0.0,0.0
6102764058.0,,https://m.weibo.cn/detail/P3N7FdsfG,https://m.weibo.cn/u/7494242625?,2024-12-07 20:04:40,中国,济南,P3N7FdsfG,要做永远开心会赚钱的漂亮小女孩,山东大学，竖中指，tmd积极分子审核这么严，我真服了 ,f,0.0642229483083216,1.0,2024-12-09 01:58:51,175.0,福多顺意 四时平安,山东,8,3.0,0.0
6108299770.0,,https://m.weibo.cn/detail/P3iKF8tbE,https://m.weibo.cn/u/5664015066?,2024-12-04 14:45:35,中国,济南,P3iKF8tbE,到6请放Rqaq,最近的天气美得不像话山东大学SDU ,f,0.7835117082722769,2.0,2024-12-09 01:58:51,85.0,,山东,54,2.0,0.0
6142827538.0,,https://m.weibo.cn/detail/P32emwrst,https://m.weibo.cn/u/6599253930?,2024-12-02 20:42:04,中国,芜湖,P32emwrst,CulFan,第一顿饭，从煮方便面开始 青岛·山东大学(青岛校区) ,f,0.9991738462099984,2.0,2024-12-09 01:58:51,121.0,,安徽,30,2.0,0.0
6144443070.0,,https://m.weibo.cn/detail/P3iJZssnj,https://m.weibo.cn/u/3980756404?,2024-12-04 14:43:56,中国,,P3iJZssnj,海喃会-健康,#青春中国拥抱未来#【山东大学：让更多青年在话剧中“遇见”自己】“先生风骨，山高水长！”最后一句台词余音未落，观众席已是掌声雷动，不少人眼含热泪。合唱歌声渐起，伴着歌词“我也将见你未见的世界，写你未写的诗篇……”成仿吾、老舍、王淦昌……校史中前辈先贤的事迹与形象在屏幕上一一再现。   ...全文,m,1.0,0.0,2024-12-09 01:58:51,1317.0,人人缴社保，社保为人人，社会保险与你同在！,海南,2410,0.0,0.0
6201346584.0,,https://m.weibo.cn/detail/P3TpYnNsT,https://m.weibo.cn/u/6879785988?,2024-12-08 12:06:15,中国,北京,P3TpYnNsT,滴露微尘III,#我想和医疗中的死不认错叫个板##山大口腔##医疗诈骗##我的抗战#   请问山大口腔（山东省口腔）葛少华院长，魏福兰副院长，正畸专家王春玲把患者当小白鼠、大搞医疗诈骗的行为在山大口腔真的是“无不当、无过错”吗？你们一众专家、教授合力欺诈、欺压患者，请问，你们把患者当什么了？作为山大口腔（ ...全文,f,0.0195550695083636,3.0,2024-12-09 01:58:51,674.0,学习与记录,北京,611,0.0,1.0
6245101146.0,,https://m.weibo.cn/detail/P3KTLBdVs,https://m.weibo.cn/u/1348886123?,2024-12-07 14:24:56,中国,济宁,P3KTLBdVs,早安济宁,先生留学中国时的武术老师，山东大学数学学院教授，著名学者武术家燕子杰先生12月1日在济南逝世，享年88岁。留下教诲： “以武治心 崇德广业” ,f,0.9999999978075738,0.0,2024-12-09 01:58:51,99.0,天涯住穩歸心懶,山东,340,0.0,0.0
6276346464.0,,https://m.weibo.cn/detail/P3UKGn2ZE,https://m.weibo.cn/u/6675861498?,2024-12-08 15:30:00,中国,石家庄,P3UKGn2ZE,河北博物院,最近的大部分时间在讨厌冬天，小部分时间在处理一次又一次被a4纸/门把手/包装袋/沙发套…划破的干皮敏敏肌 加班+失眠+劈头盖脸的开会，心情在激素异常时跌倒谷底  然后就跑到了洁洁床上捣蛋 然后就和爸宝粥沙琪妈通了好久的话 然后就串到了312一起玩儿卷发棒 ...全文,f,0.9910216401504464,6.0,2024-12-09 01:58:51,52.0,,河北,64,0.0,0.0
6281312110.0,,https://m.weibo.cn/detail/P36VRbh7Q,https://m.weibo.cn/u/7448176830?,2024-12-03 08:40:12,中国,青岛,P36VRbh7Q,我呀一定能做到,12月的第5天 热爱生活永远是我是所有的理想与答案 济南·山东大学中心校区 ,f,0.9964493816216344,13.0,2024-12-09 01:58:51,99.0,岁月长歌为伴 诗书砥砺生涯🎓,山东,5453,3.0,0.0
6347998708.0,,https://m.weibo.cn/detail/P3BS6zUtZ,https://m.weibo.cn/u/7747308569?,2024-12-06 15:26:07,中国,济南,P3BS6zUtZ,佳瑶Li,武汉模式再应用  济南首届校友经济双招双引大会隆重召开   校友经济再创新高峰，2024年12月4日，由中共济南市委人才工作领导小组办公室指导，济南市投资促进局、济南市校友经济发展促进会主办的济南首届校友经济双招双引大会，在济南银丰华美达酒店隆重召开，武汉市校友经济促进会（以下简称“武汉校促 ...全文,m,0.9999963886018768,0.0,2024-12-09 01:58:51,47.0,武汉市校友经济促进会官方账号,山东,22,0.0,2.0
6390388325.0,,https://m.weibo.cn/detail/P3bVeqBz6,https://m.weibo.cn/u/6456202075?,2024-12-03 21:22:24,中国,北京,P3bVeqBz6,guo-grape,我勒个豆 山东青岛优选计划 高校名单没有山东大学 ,f,0.98953199926782,0.0,2024-12-09 01:58:51,407.0,一生追求真理和自由,北京,40,0.0,0.0
7265762299.0,,https://m.weibo.cn/detail/P3Fpc3vfu,https://m.weibo.cn/u/1729014640?,2024-12-07 00:25:52,中国,济南,P3Fpc3vfu,你莓柿梅柿叭,山东大学威海前沿交叉科学研究院团队日前收获一篇Nature论文，这也是该校威海校区首次领衔在Nature发表论文。  更值得一提的是，文章的两位第一作者钟洪麟、田沛佩都是教授，如此“高配”的发表阵容实属少见。  在这篇论文中，威海前沿交叉科学研究院团队与国外科学家一起，量化了全球过度消费对行星边 ...全文,m,0.9999999957351328,3.0,2024-12-09 01:58:51,513.0,全球华人科学社区，中国科学报社出品，网址： www.sciencenet.cn,山东,140.8万,0.0,1.0
7358839640.0,,https://m.weibo.cn/detail/P3IGY83eq,https://m.weibo.cn/u/5599258815?,2024-12-07 08:47:54,中国,济南,P3IGY83eq,名字只要起的够长就会有人跟着读,再记，感谢能动学院赠予的绝版纪念品，现在是核动学院了 ,m,0.7536143255904987,5.0,2024-12-09 01:58:51,43.0,我先是我,山东,33,3.0,0.0
5828010217.0,,https://m.weibo.cn/detail/P38ET8Jpf,https://m.weibo.cn/u/2144543890?,2024-12-03 13:03:53,中国,北京,P38ET8Jpf,北京一级棒美少女,回来点的第一个外卖就是红跑车 买了四个狂吃两个 济南·山东大学中心校区 ,f,0.9462188542625896,2.0,2024-12-09 01:58:51,342.0,平安喜乐 万事如意（工作号在关注第一个）,北京,1337,0.0,0.0
7607999052.0,,https://m.weibo.cn/detail/P3cz6sqTN,https://m.weibo.cn/u/7246693283?,2024-12-03 23:00:37,中国,,P3cz6sqTN,梦想长到180咯,山东大学考研 山东大学软件园校区考研酒店350r出两晚，距离学校步行五百米 ,m,0.9999956758675896,0.0,2024-12-09 01:58:51,2.0,,山东,1,1.0,0.0
7718387169.0,,https://m.weibo.cn/detail/P37gxjC8e,https://m.weibo.cn/u/7607999052?,2024-12-03 09:31:09,中国,阜阳,P37gxjC8e,江河大雪-接单先关注,不要空着肚子去超市 山东大学(青岛校区) 青岛·山东大学(青岛校区) ,m,0.999999010856486,0.0,2024-12-09 01:58:51,78.0,,安徽,5,0.0,0.0
7721756536.0,,https://m.weibo.cn/detail/P3h4y72rY,https://m.weibo.cn/u/2880758390?,2024-12-04 10:29:04,中国,青岛,P3h4y72rY,唯手熟尔__,🏸❤️🔥山东大学SDU 济南·山东大学中心校区 ,f,0.9959286478435108,4.0,2024-12-09 01:58:51,529.0,,山东,181,1.0,0.0
7739503876.0,,https://m.weibo.cn/detail/P3Ktpc62V,https://m.weibo.cn/u/6390388325?,2024-12-07 13:19:59,中国,北京,P3Ktpc62V,维奈克拉_Venetoclax,梦想可导，时间可微，你的未来有♾️的可能； 奔赴未来无“极限”，期待“相交”于顶峰； 未来收敛于精彩，理想与前程共轭——山大数院语录#山东大学# ,m,0.9999909916253612,8.0,2024-12-09 01:58:51,80.0,让暴风雨来的更猛烈吧,北京,72,1.0,0.0
7747002322.0,,https://m.weibo.cn/detail/P3sxo5wnC,https://m.weibo.cn/u/7482131030?,2024-12-05 15:40:20,中国,青岛,P3sxo5wnC,青岛蓝谷,#山东大学数学学院教授武术家燕子杰逝世#燕老千古 🙏🙏🙏话说武术选修还是很有必要的，倒也不必休学…… ,m,0.9998250775836572,0.0,2024-12-09 01:58:51,554.0,投稿合作请+V：Hhzy0109,山东,2.5万,0.0,0.0
7747002322.0,,https://m.weibo.cn/detail/P3sxo5wnC,https://m.weibo.cn/u/1770165364?,2024-12-05 15:40:20,中国,青岛,P3sxo5wnC,青岛蓝谷,幼儿园灵魂拷问家长“喜欢男孩还是女孩？”  📰调查问卷内容能多 “离谱”？山东龙口市一所幼儿园自 9 月开学给家长连送三份问卷，其中不仅问及 “喜欢男孩还是女孩”、“家庭年人均可支配收入”，连家中的宠物和装修风格也成为被调查的内容😲 当地教体局说，这是山东大学科研项目委托发放的问卷。 ...全文,f,0.999999999875266,0.0,2024-12-09 01:58:51,698.0,广东广播电视台珠江经济台，中国经济广播第一台！,山东,32.5万,0.0,0.0
7747308569.0,,https://m.weibo.cn/detail/P3v0mhKbM,https://m.weibo.cn/u/3547942163?,2024-12-05 21:57:12,中国,武汉,P3v0mhKbM,武汉市校友经济促进会,【单县中心医院圆满承办菏泽市护理学会学术会议】         为进一步提升菏泽市安宁疗护服务水平及护理人员的安全管理意识，推动全市安宁疗护及护患安全管理工作高质量发展，11月30日，由菏泽市护理学会主办，单县中心医院承办的“菏泽市首届安宁疗护专业委员会第二次学术会议暨护患安全管理专业委员会 ...全文,m,0.9999998820315816,1.0,2024-12-09 01:58:51,131.0,鲁网菏泽官方微博,湖北,2509,0.0,0.0
7766637137.0,,https://m.weibo.cn/detail/P39NirXmK,https://m.weibo.cn/u/7766637137?,2024-12-03 15:57:22,中国,济南,P39NirXmK,凌时晚安,#山东大学数学学院教授武术家燕子杰逝世#燕子杰教授的离世是学术界和武术界的一大损失他的生平事迹和卓越成就将永远铭刻在人们的心中。愿燕子杰先生安息！ ,m,0.9999999537802534,20.0,2024-12-09 01:58:51,4482.0,我们在初雪时重逢。,山东,1.7万,0.0,0.0
7771167726.0,,https://m.weibo.cn/detail/P3K5koFsJ,https://m.weibo.cn/u/2027480085?,2024-12-07 12:20:40,中国,淄博,P3K5koFsJ,锅巴兜不住,#何以中国弦歌不辍#【何以中国丨“何以中国·弦歌不辍”网络主题宣传活动在曲阜启动】泱泱华夏，历史悠久，文脉绵长。11月30日，由中央网信办、国家文物局、人民日报社、山东省委网信委指导的“何以中国·弦歌不辍”网络主题宣传活动在山东济宁曲阜启动。启动仪式上，山东大学儒学高等研究院教授、孔子研 ...全文,f,0.9979060717754472,0.0,2024-12-09 01:58:51,3324.0,看水母，懂烟台。水母网初建于2000年12月28日，是烟台第一家大型综合门户网站，拥有国家一类新闻网站资质。,山东,543万,0.0,0.0
7831769819.0,,https://m.weibo.cn/detail/P3Fojk5E0,https://m.weibo.cn/u/5828010217?,2024-12-07 00:23:42,中国,济南,P3Fojk5E0,HZHF120408,好久好久好久没发手机里的碎片～ 秋天🍂一些记录～ 和耿宝在济南去了想去很久的山东大学～ 赶在秋天的末尾去了白瀑寺～ 吃到了特别好吃的铁锅炖，一直想再吃！ 吃了一个吃完以后💩是绿色的面包！ 去了趵突泉！ 买了可爱的耳机壳，粗糙的小狗🐶～ 还有没拍照，但是我麻将赢了三家的光辉时刻 ...全文,f,0.978119823593625,1.0,2024-12-09 01:58:51,366.0,走的是阳光道，奔的是日子甜,山东,143,1.0,0.0
7848654933.0,,https://m.weibo.cn/detail/P3tL4FaPe,https://m.weibo.cn/u/6047067900?,2024-12-05 18:46:49,中国,,P3tL4FaPe,济南租房-宥,一连串毫无规律的符号，还是东夷文化系统的早期文字？  丁公陶文 龙山文化（约公元前2300~前1800年） 1991年山东省邹平市丁公遗址出土 山东大学博物馆 大道之行：儒家文化特展，故宫博物院 北京·故宫博物院-午门 ,f,0.9999576097530308,2.0,2024-12-09 01:58:51,247.0,博物馆、美术馆控。个人公众号“老物件儿”和小程序“最爱老物件儿”，通过对博物馆展品的文字与图片介绍，普及与推广古代艺术。,山东,830,3.0,0.0
7873930428.0,,https://m.weibo.cn/detail/P3jy2riEy,https://m.weibo.cn/u/5733670322?,2024-12-04 16:47:14,中国,合肥,P3jy2riEy,ccsdailylife,【黑龙江省首届大学生新文科实践创新大赛决赛成功举行】11月27日，由黑龙江省教育厅主办、黑龙江大学承办的黑龙江省首届大学生新文科实践创新大赛决赛成功举行。黑龙江省教育厅二级巡视员车成全，全国新文科教育研究中心执行主任、山东大学原党委副书记仝兴华，黑龙江大学副校长井立强，评委组组长中国 ...全文,m,0.9999999999998576,0.0,2024-12-09 01:58:51,65.0,黑龙江省教育厅官方微博、教育官微联盟成员，传递黑龙江教育资讯，展示黑龙江教育形象，服务广大师生和人民群众。,安徽,7617,0.0,0.0
7911949207.0,,https://m.weibo.cn/detail/P3hcGag0q,https://m.weibo.cn/u/7718387169?,2024-12-04 10:49:06,中国,枣庄,P3hcGag0q,草莓珍珠泪公主,#济南家教# 家教编号：24120107 学员地址：济南槐荫区绿地泉景嘉园 辅导科目：数理化 学员情况：初三年级、男生，一对一老师上门 时间安排：每周1 次；每次2小时（具体时间段协商） 教员要求：要求山东大学，男女不限，有家教经验，要细心有耐心，有责任心。 老师薪水：90元/小时 ,m,0.9999989751107572,0.0,2024-12-09 01:58:51,1147.0,接单和进群关注后私聊，信息费预付，非诚勿扰。,山东,7058,0.0,0.0
7929426651.0,,https://m.weibo.cn/detail/P3NXLlsJH,https://m.weibo.cn/u/6281312110?,2024-12-07 22:13:01,中国,,P3NXLlsJH,高冷国公主______,请问有没有济南校区的同学可以今天或明天帮忙取件+盖章（到中心校区就业中心）+寄回，有偿，非常感谢！❤️        本人在青岛校区，报名表出了一点问题，需要重新盖就业中心的章，实在有点远赶不过去啦！  蹲蹲～山东大学SDU 青岛·山东大学(青岛校区) ,f,0.9996807294213004,1.0,2024-12-09 01:58:51,508.0,一个升起月亮的身体，必然驮住了无数次日落～🌙@我的小小英雄主义_,山东,64,2.0,1.0
7934077859.0,,https://m.weibo.cn/detail/P3CVscdTq,https://m.weibo.cn/u/7490505562?,2024-12-06 18:07:07,中国,威海,P3CVscdTq,鼎成公考发财老师,何以中国｜真正的山东大汉！山东大学儒学高等研究院教授杨朝明解密“六边形战士”孔子网页链接 ,f,0.9990505599899208,0.0,2024-12-09 01:58:51,501.0,我是垦利区融媒体中心官方微博账号,山东,10.2万,0.0,1.0
7939302315.0,,https://m.weibo.cn/detail/P3cJJAiq3,https://m.weibo.cn/u/7599168126?,2024-12-03 23:26:50,中国,烟台,P3cJJAiq3,菠萝蜜才不吃菠萝,山东大学SDU  毋庸置疑，美国是头号敌人！ ,m,0.9976681996859648,0.0,2024-12-09 01:58:51,335.0,莆田市俞建,山东,14,0.0,0.0
7939302315.0,,https://m.weibo.cn/detail/P3cJJAiq3,https://m.weibo.cn/u/6057968751?,2024-12-03 23:26:50,中国,烟台,P3cJJAiq3,菠萝蜜才不吃菠萝,#听见微博# #微博声浪计划# *本期案件无恐怖，少少量血腥描述，请放心入场* 特别感谢今非NotToday、旺仔苹果牛奶和FF-Foo在上周的赞赏，爱意收到！感谢支持！   前言/Foreword/在首尔市麻浦区，有一家颇具名气的生鱼片店，老板老徐是一位中年男人，拥有一儿一女。儿子从小就表现出超常的踢球天赋，于是 ...全文,f,0.9999997242194876,1.0,2024-12-09 01:58:51,5.0,无所世事是由核桃和斑马主持的一档故事漫谈类声音节目。期待并感谢大家的收听和关注，我们努力码故事，希望各位听得愉快~,山东,26,1.0,0.0
,,https://m.weibo.cn/detail/N/A,https://m.weibo.cn/u/1195071123?,,,,,,学无止境，气有浩然。我所热爱的终将坚持下去！也没有任何放弃的理由！也为了不给我的母校寿光一中丢脸，哪怕没有鲜花和掌声，我依然是我自己的希望之星。不断鞭策，不断激励，勇敢做自己，做最好的自己！学习是一定会让人有所收获，也会有所改变的，突破渴望、成就梦想，我是寿光一中2003级校友魏禄业 ...全文,m,0.9999999859753504,0.0,2024-12-09 01:58:51,8377.0,笔名魏然，退役军人，潍坊市作家协会会员，1986年七月初六生于山东寿光，2008年5月曾为四川震区的少年儿童创作长篇励志小说《重金属》。,,1978,0.0,0.0
7703310777.0,,https://m.weibo.cn/detail/P3u05Fmnu,https://m.weibo.cn/u/7939302315?,2024-12-05 19:23:49,中国,天津,P3u05Fmnu,Joy壳聚糖,倒计时22天山东大学SDU#考研# ,m,0.9868708421728368,0.0,2024-12-09 01:58:51,19.0,24小时在线,天津,1,1.0,0.0
7599168126.0,,https://m.weibo.cn/detail/P348RoWvs,https://m.weibo.cn/u/7939302315?,2024-12-03 01:34:00,中国,莆田,P348RoWvs,福建省莆田市城厢区俞建,倒计时22天山东大学SDU#考研# ,m,0.9868708421728368,0.0,2024-12-09 01:58:51,19.0,24小时在线,福建,1,1.0,0.0
7372791642.0,,https://m.weibo.cn/detail/P3MQulIYc,https://m.weibo.cn/u/6049105216?,2024-12-07 19:22:21,中国,昆明,P3MQulIYc,云南省人民政府,今天有一个哥很好玩 他：你山东人 山东大学那么好你为什么不上山东大学？ 我：哥，我不上是因为我不想吗？ ,f,0.9997504862459986,0.0,2024-12-09 01:58:51,386.0,,云南,693,0.0,0.0
7561846157.0,,https://m.weibo.cn/detail/P3W7Z3YZR,https://m.weibo.cn/u/5633665147?,2024-12-08 19:00:10,中国,济南,P3W7Z3YZR,Perry_121,中线波段股:$宇晶股份 sz002943$ ，今日收盘价20.33元，公司超25年行业打磨沉淀，切磨抛装备小巨人持续开拓。“设备+耗材+切片加工”一体化发展战略宇晶股份成立于1998年，2018年上市，主要产品及服务为高硬脆材料切、磨、抛设备、高硬脆材料切割耗材、硅片及切片加工服务、热场系统系列产品、光伏电站 ...全文,m,0.953058096600922,0.0,2024-12-09 01:58:51,4909.0,炒股就得精、准、狠，如果您不具备绝杀好股的能力，那要自己好好研究股市思路，做好及时止损的能力。,山东,19.7万,0.0,0.0
7375978743.0,,https://m.weibo.cn/detail/P3USXbCDZ,https://m.weibo.cn/u/1784473157?,2024-12-08 15:50:24,中国,济南,P3USXbCDZ,我们无缘1992,【#山东大学数学学院教授武术家燕子杰逝世#】据齐鲁晚报消息，山东大学数学学院12月1日发布讣告，山东大学数学学院教授，著名学者武术家燕子杰先生12月1日在济南逝世，享年88岁。 2014年，山东大学官网曾刊文《燕子杰：教数学的梅花桩大师》。文章援引他弟子的说法称：“师父当年在北京大学物理系学习 ...全文,m,1.0,384.0,2024-12-09 01:58:51,1309.0,北京中新网信息科技有限公司,山东,8129.3万,56.0,40.0
7375978743.0,,https://m.weibo.cn/detail/P3OinwDvE,https://m.weibo.cn/u/7559190482?,2024-12-07 23:03:48,中国,济南,P3OinwDvE,我们无缘1992,山大研一｜周末背着老师偷偷出来玩啦！！ ,f,0.9992997273826286,19.0,2024-12-09 01:58:51,24.0,宝宝们想问的链接，在微博评论区问我！我看到就会回复的（dy发🔗会被封呜呜呜） 🎵：养肥波的仙女 🧣：养肥波的仙女,山东,799,5.0,0.0
7383854910.0,,https://m.weibo.cn/detail/P3LbXcali,https://m.weibo.cn/u/7873930428?,2024-12-07 15:09:44,中国,青岛,P3LbXcali,荔枝做一只哑巴小狗,近日，中国科学院上海有机化学研究所王鹏课题组和山东大学徐立平课题组合作利用大位阻β-二酮配体，用芳基、烯基硼酸和烷基卤作为偶联试剂，成功实现了镍催化非活化烯烃的双碳化反应，相关研究成果发表在Nat. Commun.上。 ,m,0.9717352447360668,0.0,2024-12-09 01:58:51,201.0,滴滴滴,山东,50,1.0,0.0
7409700150.0,,https://m.weibo.cn/detail/P3hWlyncN,https://m.weibo.cn/u/5510544196?,2024-12-04 12:41:38,中国,郑州,P3hWlyncN,Llauvaa,#武汉大学# 民国以来，武汉大学从来就没有落寞过。  一直都是大学中的贵族系列，这是武大人的幸运，湖北学子的确幸，也是中部及全国学子们的幸事。  1991年，武汉大学的图书馆藏书规模，已达220万多册，规模之巨，已经很令读书人向往了。而同时期浙江大学的图书馆藏书才120万册，山东大学图书馆藏书200 ...全文,f,0.9999999999916054,2.0,2024-12-09 01:58:51,157.0,铁粉可通过私信投稿，投稿请务必提供详细资料，叙述清楚事件经过！本博收到后会根据情况选发！ 所发内容如有侵权，请私信联系删除！,河南,97.9万,0.0,0.0
7448176830.0,,https://m.weibo.cn/detail/P3EIQqxxv,https://m.weibo.cn/u/3809744992?,2024-12-06 22:41:33,中国,济南,P3EIQqxxv,平平无奇温小姐,【山东隧道技术屡次惊艳全球，#青岛地铁6号线一期# 斩获行业“奥斯卡”奖】11月28日，有着全球隧道行业“奥斯卡”美誉的国际隧道与地下空间协会第十届隧道工程年会在意大利热那亚举行，全球大型隧道及地下工程项目角逐年度工程、超越工程等多个奖项。经过评审、答辩环节，青岛地铁6号线一期工程滨海复 ...全文,m,0.999999998465266,1.0,2024-12-09 01:58:51,94.0,解读交通 服务出行,山东,10万,1.0,0.0
7448176830.0,,https://m.weibo.cn/detail/P3vg3jWdr,https://m.weibo.cn/u/2087169013?,2024-12-05 22:35:52,中国,济南,P3vg3jWdr,平平无奇温小姐,【AI热评：#幼儿园120道题调查家长谁给的权力#？#幼儿园调查问卷问题离谱谁给的权力#】近日，山东省龙口市的郑女士吐槽，开学三个月，孩子所就读的幼儿园给家长连发三份调查问卷。有的问卷长达120道题，其中不乏“更喜欢男孩还是女孩”等不合理问题，以及“摸底”父母职业、家庭收入等内容。对此，龙口 ...全文,m,0.9999917876525352,13.0,2024-12-09 01:58:51,1360.0,中央政法委机关报,山东,585.9万,1.0,27.0
7474454705.0,,https://m.weibo.cn/detail/P3iJTxPuG,https://m.weibo.cn/u/6108299770?,2024-12-04 14:43:42,中国,滨州,P3iJTxPuG,科研云,山东大学SDU  有偿求流统专业考博资料和真题 ,m,0.9947441483382332,1.0,2024-12-09 01:58:51,820.0,你是人间四月天,山东,140,6.0,0.0
7474454705.0,,https://m.weibo.cn/detail/P3iJTxPuG,https://m.weibo.cn/u/6144443070?,2024-12-04 14:43:42,中国,滨州,P3iJTxPuG,科研云,#博鳌乐城国际医疗旅游先行区#  海南博鳌鲁医医院  是一所集医疗、科研、预防、康复为一体的非营利综合性三级医院，也是鲁琼医疗合作重点引进项目。  医院目前开设有： 呼吸内科、神经内科、心血管内科、血液内科、肿瘤科、妇科、骨科等科室，采取“1+N”运营模式，引进山东省十家公立医院如山东大学齐 ...全文,m,0.9970104431547506,0.0,2024-12-09 01:58:51,74.0,海南会旗下医疗、养生资讯服务平台。,山东,482,0.0,0.0
7482131030.0,,https://m.weibo.cn/detail/P3bpYfqjA,https://m.weibo.cn/u/7474454705?,2024-12-03 20:05:23,中国,淄博,P3bpYfqjA,学长郝富贵,Fault detectability of Boolean control networks via non- augmented methods 科研云的微博视频 ,m,0.9431967667828028,0.0,2024-12-09 01:58:51,33.0,科研界的“百家讲堂”-科学前沿云讲座。 公众号：科研云,山东,24.9万,0.0,0.0
7488465698.0,,https://m.weibo.cn/detail/P3Cm1m0Cu,https://m.weibo.cn/u/7474454705?,2024-12-06 16:39:49,中国,德州,P3Cm1m0Cu,齐河融媒,Fault detectability of Boolean control networks via non- augmented methods 科研云的微博视频 ,m,0.9431967667828028,0.0,2024-12-09 01:58:51,33.0,科研界的“百家讲堂”-科学前沿云讲座。 公众号：科研云,山东,24.9万,0.0,0.0
7490505562.0,,https://m.weibo.cn/detail/P36ROdmai,https://m.weibo.cn/u/5625102330?,2024-12-03 08:30:14,中国,东营,P36ROdmai,垦利区融媒体中心官方微博,山大太穷了发那点奖学金打发谁呢不欢迎报考山大大家避雷山东大学 济南·山东大学中心校区 ,f,0.9526876261050125,4.0,2024-12-09 01:58:51,259.0,他生若续此生梦,山东,70,3.0,0.0
7494242625.0,,https://m.weibo.cn/detail/P3B3sERnK,https://m.weibo.cn/u/3889212468?,2024-12-06 13:21:21,中国,青岛,P3B3sERnK,想吃芝士榴莲_,"#科研进展# 【解析相对湿度增加促进二次有机气溶胶形成的原因】雾霾事件发生时，环境相对湿度高，并且常伴随芳香烃二次有机气溶胶质量浓度的增加。但是，相对湿度影响芳香烃二次有机气溶胶形成的机制尚不完全清晰。 近日山东大学杜林教授团队以典型芳香烃甲苯和1,3,5-三甲基苯为研究对象，系统探究了氮 ...全文",m,0.9992020123678784,2.0,2024-12-09 01:58:51,255.0,《大气科学进展(英)》(Advances in Atmospheric Sciences)——中国大气科学领域学术水平最高的英文期刊之一，1984年创刊，2009被SCI收录。来自9个国家、36个专业科研机构的60多位优秀责编全程监督审稿过程。与AAS共同崛起，一起闪耀光芒，让世界了解你的工作！,山东,7.2万,0.0,1.0
7516052957.0,,https://m.weibo.cn/detail/P3G4TAz36,https://m.weibo.cn/u/7409700150?,2024-12-07 02:08:37,中国,青岛,P3G4TAz36,十余年1992,山东大学SDU  蹲蹲山大公共卫生专硕卫生政策与管理方向的师哥师姐想咨询一些问题 （可有偿） ,f,0.2134160929025744,3.0,2024-12-09 01:58:51,140.0,,山东,11,4.0,0.0
7516052957.0,,https://m.weibo.cn/detail/P3G4TAz36,https://m.weibo.cn/u/7911949207?,2024-12-07 02:08:37,中国,青岛,P3G4TAz36,十余年1992,山东大学SDU 国考结束了，省考冲起来啦考前来一波划重点！#公务员考试##省考##山东省考# ,f,0.9999578962301778,0.0,2024-12-09 01:58:51,114.0,,山东,1,0.0,0.0
7526090479.0,,https://m.weibo.cn/detail/P3Tkr3mn6,https://m.weibo.cn/u/7721756536?,2024-12-08 11:52:36,中国,衡水,P3Tkr3mn6,济南历城融媒,山东大学(青岛校区)近期的好吃的 ,m,0.9984050300936732,0.0,2024-12-09 01:58:51,19.0,iiii,河北,3,1.0,0.0
7526090479.0,,https://m.weibo.cn/detail/P3Mj3E4ON,https://m.weibo.cn/u/3221854141?,2024-12-07 18:00:00,中国,,P3Mj3E4ON,济南历城融媒,#政务速递#【周乃翔在济南市调研科技创新工作时强调 强化科技创新和产业创新深度融合 为推动高质量发展注入强劲动力】12月3日，省委副书记、省长周乃翔在济南市调研科技创新工作。他强调，要深入学习贯彻习近平总书记重要指示精神，认真落实党中央、国务院决策部署，按照省委工作要求，深入实施创新驱 ...全文,f,0.9999999936810372,0.0,2024-12-09 01:58:51,291.0,“微博济南”是济南市政府官方微博，由济南市信息中心运维。在这里，您可以了解到济南市最新的政务信息。,河北,157.1万,0.0,0.0
7559190482.0,,https://m.weibo.cn/detail/P3ixDviG5,https://m.weibo.cn/u/3698965682?,2024-12-04 14:13:30,中国,,P3ixDviG5,肥波糖豆儿,【威海市产学研合作补助资金实施细则（试行）新闻发布会】 1.发言人您好，我是乳山电视台的记者。请问此次对产学研工作的政策支持中，重点支持那几方面的内容呢？ 新闻发言人： 一是发挥驻威高校院所“动力源”作用。用好驻威高校院所在人才团队和科技研发等方面的资源优势，建立创新资源信息数据库， ...全文,m,0.9999995709572738,3.0,2024-12-09 01:58:51,1000.0,乳山市融媒体中心官方微博,江苏,11.6万,3.0,3.0
5880497994.0,,https://m.weibo.cn/detail/P3Um3ve3H,https://m.weibo.cn/u/3803091955?,2024-12-08 14:29:21,中国,济南,P3Um3ve3H,北方的海007,记录日常生活碎片 去排了之前很火有点小贵的面包～确实不错 江大厨👩🍳自己做了糖葫芦和辣白菜👍 去山东大学博物馆闲逛了一圈（突然发现今年去了好多博物馆） 顺路去滨海公园看海鸥 回家买了心心念念的露比帽 ,f,0.9999999999097996,1.0,2024-12-09 01:58:51,248.0,山河无恙，人间皆安,山东,148,0.0,0.0
5772117184.0,,https://m.weibo.cn/detail/P3U71yvHM,https://m.weibo.cn/u/2002531717?,2024-12-08 13:52:19,中国,济南,P3U71yvHM,请叫我孙卷卷,【#山东学子开始期末考了吗#】#山东学子期末绝不挂科# 13周后大学生有多忙碌…这简直是我的真实写照 via.岱岱的猫 济南校园的微博视频 ,m,0.9999565903596817,10.0,2024-12-09 01:58:51,779.0,微博校园山东渠道济南校园官方账号,山东,71.8万,3.0,3.0
1195071123.0,,https://m.weibo.cn/detail/P32kTEERR,https://m.weibo.cn/u/1784473157?,2024-12-02 20:58:10,中国,,P32kTEERR,魏然,【#山东大学数学学院教授武术家燕子杰逝世#】据齐鲁晚报消息，山东大学数学学院12月1日发布讣告，山东大学数学学院教授，著名学者武术家燕子杰先生12月1日在济南逝世，享年88岁。 2014年，山东大学官网曾刊文《燕子杰：教数学的梅花桩大师》。文章援引他弟子的说法称：“师父当年在北京大学物理系学习 ...全文,m,1.0,384.0,2024-12-09 01:58:51,1309.0,北京中新网信息科技有限公司,山东,8129.3万,56.0,40.0
1813167792.0,,https://m.weibo.cn/detail/P3uEoBKB7,,2024-12-05 21:03:07,中国,太原,P3uEoBKB7,会计之友杂志社,,,0.5,,2024-12-09 01:58:51,,,山西,,,
1870706340.0,,https://m.weibo.cn/detail/P3BnuayTP,https://m.weibo.cn/u/6599253930?,2024-12-06 14:10:41,中国,上海,P3BnuayTP,Lucy是个小疯妞,今天—— 第二次去的体育馆 紧张的考公人 没结账成功的零食 还有好吃的番茄虾滑!就是水放多了 青岛·山东大学(青岛校区) ,f,0.9989167307074068,0.0,2024-12-09 01:58:51,121.0,,上海,30,4.0,0.0
1880883723.0,,https://m.weibo.cn/detail/P3V6BAytN,https://m.weibo.cn/u/5450756900?,2024-12-08 16:24:02,中国,济南,P3V6BAytN,山东大学,每年冬天的关键词都是：忙碌！ #attention2⃣️study# 青岛·山东大学(青岛校区) ,f,0.9999653816352204,2.0,2024-12-09 01:58:51,353.0,没有人永远年轻，但永远有人正年轻着。,山东,372,0.0,0.0
1880883723.0,,https://m.weibo.cn/detail/P2IIlxzp5,https://m.weibo.cn/u/2015162065?,2024-11-30 19:01:00,中国,济南,P2IIlxzp5,山东大学,#一张图证明我来过这里# 济南·山东大学附属山东省肿瘤医院 ,m,0.7275748258861348,0.0,2024-12-09 01:58:51,706.0,传播正能量，用镜头记录生活，记录社会发展历程。 无党派人士。,山东,561,0.0,0.0
1893761531.0,,https://m.weibo.cn/detail/P2gxT9Btt,https://m.weibo.cn/u/6576723261?,2024-11-27 19:18:19,中国,济南,P2gxT9Btt,闪电新闻,山大一日游结束🔚 青岛·山东大学(青岛校区) ,m,0.9999101608946428,1.0,2024-12-09 01:58:51,196.0,勤快圈,山东,135,1.0,0.0
1954334873.0,,https://m.weibo.cn/detail/P3UXh2oyi,https://m.weibo.cn/u/5751811458?,2024-12-08 16:01:02,中国,,P3UXh2oyi,不okay绷,山大一日游～ 青岛·山东大学(青岛校区) ,f,0.9999309413161384,2.0,2024-12-09 01:58:51,268.0,所有的美好和幸福，是靠自己争取的👏🏼,山东,218,0.0,0.0
2002531717.0,,https://m.weibo.cn/detail/P3Ds763GI,https://m.weibo.cn/u/3803785662?,2024-12-06 19:27:34,中国,青岛,P3Ds763GI,济南校园,第一届“安嘉杯”全国高校家事法模拟法庭大赛正在如火如荼的进行中！  下午是决赛，很荣幸能作为决赛的评委之一，和各大高校的师生以及在婚姻家事领域有丰富经验的学者、法官、律师们，一起对家事法进行深度的探讨和学习。  这次大赛由北京交通大学法学院和北京市安嘉律师事务所主办 ...全文,f,0.9999999998960838,0.0,2024-12-09 01:58:51,468.0,赵丽律师咨询微信: lawyerzhaoli专业办婚姻案件10余年 擅长: 离婚诉讼、财产股权分割、抚养权争议、涉外离婚、离婚协议代写等。,山东,77.4万,0.0,0.0
2005407691.0,,https://m.weibo.cn/detail/P3NMOu1AM,https://m.weibo.cn/u/1880883723?,2024-12-07 21:46:03,中国,青岛,P3NMOu1AM,一根思想苇草,我爱拍山大 建筑，是校园生活里的诗意栖息。 ,m,0.9941662479894404,8.0,2024-12-09 01:58:51,514.0,教育部直属重点综合性大学，国家“211工程”和“985工程”重点建设的高水平大学，世界一流大学建设高校（A类）。微博校园官博联盟会员单位。,山东,128.6万,2.0,1.0
2015162065.0,,https://m.weibo.cn/detail/P3VDqps28,https://m.weibo.cn/u/1954334873?,2024-12-08 17:44:53,中国,济南,P3VDqps28,老赵随手拍L1,在一个晴朗的日子拔掉最后一颗智齿 济南·山东大学齐鲁口腔医院 ,f,0.9669941368625704,5.0,2024-12-09 01:58:51,306.0,还活着,山东,99,2.0,0.0
2023461197.0,,https://m.weibo.cn/detail/ODtGs4fDi,https://m.weibo.cn/u/7375978743?,2024-10-27 14:02:04,中国,长沙,ODtGs4fDi,周少说,山东大学SDU ,m,0.9407434381231642,0.0,2024-12-09 01:58:51,205.0,,湖南,3,1.0,0.0
2027480085.0,,https://m.weibo.cn/detail/P39GHnFxo,https://m.weibo.cn/u/6523224110?,2024-12-03 15:41:06,中国,烟台,P39GHnFxo,水母网,离开单位的疲惫，享受充实自己的忙碌 上课很痛苦 但当学生很幸福 下一步目标：学会忙生活！ #生活手记# 济南·山东大学中心校区 ,f,0.9999999953559268,2.0,2024-12-09 01:58:51,79.0,,山东,113,0.0,0.0
2087169013.0,,https://m.weibo.cn/detail/P3cg63j64,https://m.weibo.cn/u/6276346464?,2024-12-03 22:13:48,中国,北京,P3cg63j64,法治日报,【#200多名专家给永乐大典加标点#】山东大学文学院讲席教授、《文史哲》主编杜泽逊介绍：“我们从全国70多所高校聘请了200多名专家，网上办公，专门给《永乐大典》打标点，最年轻的有‘00后’。” #医生救人的命我们救书的命#（via：人民网）中国历史研究院的微博视频 ,f,0.9999999997576136,2.0,2024-12-09 01:58:51,647.0,河北博物院官方微博,北京,70.5万,2.0,0.0
2144543890.0,,https://m.weibo.cn/detail/P3DeWh9zP,https://m.weibo.cn/u/1753234175?,2024-12-06 18:55:07,中国,,P3DeWh9zP,白胡椒味儿的酸奶妹妹,#他竟是真正意义上的山东大汉# 【观澜亭｜身高一米九？孔子竟是真正意义上的“山东大汉”】日前，“何以中国·弦歌不辍”网络主题宣传活动在享有“东方圣城”美誉的山东曲阜启动，中国古代思想家、政治家、教育家，儒家学派创始人孔子再次成为众所瞩目的焦点。 在启动仪式上，山东大学儒学高等研究院教 ...全文,m,0.999999927680728,0.0,2024-12-09 01:58:51,361.0,主流 融合 创新,山东,43.6万,0.0,0.0
2155687174.0,,https://m.weibo.cn/detail/P3ro3a0bV,https://m.weibo.cn/u/3577849617?,2024-12-05 12:44:36,中国,自贡,P3ro3a0bV,吴英文WuEnglish,#这就是淄博#这就是淄博# ：《山大“智囊团”来淄入企送“技”》  山大“智囊团”来淄入企送“技” ,m,0.0095209480809456,0.0,2024-12-09 01:58:51,358.0,淄博市人民政府新闻办公室 官方微博,四川,29万,0.0,0.0
2175686497.0,,https://m.weibo.cn/detail/P3REhbdaY,https://m.weibo.cn/u/5880497994?,2024-12-08 07:36:00,中国,济南,P3REhbdaY,济南日报,2024年12月7日，美籍华人演奏家、作曲家高虹女士琵琶大师班在山东大学洪楼校区艺术学院309音乐厅举办。（摄影/北海） ,m,0.9999965397372778,1.0,2024-12-09 01:58:51,1141.0,海纳百川  厚德载物,山东,1800,0.0,0.0
2265859925.0,,https://m.weibo.cn/detail/P3FkHdoCX,https://m.weibo.cn/u/3577849617?,2024-12-07 00:14:47,中国,,P3FkHdoCX,齐鲁晚报-今日菏泽,#这就是淄博#这就是淄博# ：《山大“智囊团”来淄入企送“技”》  山大“智囊团”来淄入企送“技” ,m,0.0095209480809456,0.0,2024-12-09 01:58:51,358.0,淄博市人民政府新闻办公室 官方微博,山东,29万,0.0,0.0
2398355695.0,,https://m.weibo.cn/detail/P3TvNvrvh,https://m.weibo.cn/u/5880497994?,2024-12-08 12:20:36,中国,济南,P3TvNvrvh,正义联盟小狗_i,2024年12月7日，美籍华人演奏家、作曲家高虹女士琵琶大师班在山东大学洪楼校区艺术学院309音乐厅举办。（摄影/北海） ,m,0.9999965397372778,1.0,2024-12-09 01:58:51,1141.0,海纳百川  厚德载物,山东,1800,0.0,0.0
2661956384.0,,https://m.weibo.cn/detail/P3I5h34eb,https://m.weibo.cn/u/5772117184?,2024-12-07 07:15:02,中国,上海,P3I5h34eb,葛归愚,中国研究生数学建模竞赛颁奖典礼圆满结束 感谢我的队友和各位老师的大力支持 感谢山大和华为让我们有机会光临泉城 济南·山东大学中心校区 ,m,0.9999999911280616,1.0,2024-12-09 01:58:51,114.0,应用统计研二在读｜INTJ型 | 统计专业的宠儿，管理专业的弃儿,上海,44,0.0,0.0
1841306841.0,ODEPQ6iU4,https://m.weibo.cn/detail/ODEPQ6iU4,https://m.weibo.cn/u/5208920153?,2024-10-28 18:25:25,中国,宜昌,,隐于庭的小法师,果然沿海城市是我的舒适区 青岛·山东大学(青岛校区) ,f,0.9999685282910212,3.0,2024-12-09 01:58:51,322.0,晚风吹人醒,湖北,208,2.0,0.0
1789442461.0,,https://m.weibo.cn/detail/P3Suf8pyc,https://m.weibo.cn/u/2398355695?,2024-12-08 09:44:01,中国,珠海,P3Suf8pyc,研究生申请陈大大,今天也是都市丽人了一把🪞 济南·山东大学中心校区 ,f,0.9960111310260364,25.0,2024-12-09 01:58:51,2752.0,拼搏百天我要上最好的小学🛵,广东,2726,8.0,0.0
3022732373.0,OxSEcjjLz,https://m.weibo.cn/detail/OxSEcjjLz,https://m.weibo.cn/u/6871312866?,2024-09-20 18:33:22,中国,天津,,徐顺达,八年后再来山大中心校区，周末的校园里有上至古稀老人，下至咿呀孩童，还有那朝气蓬勃的青年人，天气虽然是冷的，但给人心里的感觉是暖暖的！ 济南·山东大学中心校区 ,m,0.9985704372717066,1.0,2024-12-09 01:58:51,255.0,时光不问赶路人，星光不负有心人,天津,158,2.0,0.0
1784473157.0,,https://m.weibo.cn/detail/P30PGpE6U,https://m.weibo.cn/u/7561846157?,2024-12-02 17:08:31,中国,北京,P30PGpE6U,中国新闻网,自考本科 有没有报计算机科学与技术的同学？山东大学 ,m,0.9964439047668088,0.0,2024-12-09 01:58:51,54.0,,北京,21,1.0,0.0
1347322121.0,Ow2EA5h2C,https://m.weibo.cn/detail/Ow2EA5h2C,https://m.weibo.cn/u/1893761531?,2024-09-08 16:21:10,中国,三明,,史凝眸,【#原来古人最快乐的事情也是吃肉#】山东大学考古学院教授宋艳波介绍，在北辛遗址一处灰坑中，发现6个个体的猪下颌骨。原来在7000年前，北辛人就开始吃猪肉了，从各个北辛文化遗址陆续出土的猪骨数量判断，猪已经成为北辛人主要的饲养对象。山东 闪电新闻的微博视频 ,f,0.9999999999998936,42.0,2024-12-09 01:58:51,715.0,闪电君随时在线，留言必回！更有福利不定期派发哦！线索电话：0531-66661234。,福建,454.7万,8.0,3.0
1348886123.0,,https://m.weibo.cn/detail/P3xlWnIcX,https://m.weibo.cn/u/1880883723?,2024-12-06 03:55:53,比利时,,P3xlWnIcX,江湖小Faye,【知新楼积木模型】限时返场！！！拼知新，“拼”未来，快来和姗姗一起，把独属于山大的热爱与情怀捧在手心！ 作为一栋矗立在山大人心中的独特地标，知新楼承载了深厚的文化积淀。每一块砖石都记录着历史的沧桑，每一扇窗户都眺望着未来的希望。 关注@山东大学 并转发此微博，姗姗将送出20套知新楼积木 ...全文,m,0.9999999999999618,76.0,2024-12-09 01:58:51,514.0,教育部直属重点综合性大学，国家“211工程”和“985工程”重点建设的高水平大学，世界一流大学建设高校（A类）。微博校园官博联盟会员单位。,比利时,128.6万,76.0,101.0
1411435095.0,,https://m.weibo.cn/detail/P3WDIoMX4,https://m.weibo.cn/u/5948790343?,2024-12-08 20:18:21,中国,济南,P3WDIoMX4,沐沐春风,#易烊千玺 喜欢和小猫交朋友的大朋友#  宝宝为什么会有山东大学的月饼 @TFBOYS-易烊千玺 ,f,0.9907174945406896,78.0,2024-12-09 01:58:51,259.0,,山东,1.1万,12.0,7.0
1497574603.0,,https://m.weibo.cn/detail/OqnoT7rPp,https://m.weibo.cn/u/1841306841?,2024-08-02 10:08:22,中国,北京,OqnoT7rPp,温儒敏,和一个今天新认识的毕业院校写的山东大学但实际是中国海洋毕业的朋友聊天……  聊到五院四系。 很显然，随着部分院校的进一步掉队，当一个法学生告诉你他是四系的，那70%的概率是我的校友，30%的概率是珞珈山综合职业技术学院的，人家剩下两系可不在乎啥四系。 ...全文,m,0.9999943929342856,83.0,2024-12-09 01:58:51,379.0,前法官，现律师，不变的是永远18岁的人设和永远浪在路上的心。搓火球免费，法律咨询不免费。未来的日子，将持续卖萌与吐槽。不信？看我搓个火球砸你…,北京,305.8万,28.0,4.0
1559441203.0,,https://m.weibo.cn/detail/P3iZCud97,https://m.weibo.cn/u/2023461197?,2024-12-04 15:22:27,中国,淄博,P3iZCud97,曾经是只小可爱,就业压力真的大！一位网友吐槽，表示山东大学25届毕业生秋季就业双选会上，来了一大堆企业，没想到全是不知名的企业，看到这些企业，真是瞬间破防了。对于这样的情况，说实话，这很正常，知名企业就那些，不可能全都来。从另一个角度来说，不能因为人家不是知名企业就嫌弃，甚至是嘲讽，很多时候，别小 ...全文,m,0.9999922992612614,106.0,2024-12-09 01:58:51,341.0,来了老弟，关注一下呗！,山东,56.4万,24.0,18.0
1559441203.0,,https://m.weibo.cn/detail/P3iZCud97,https://m.weibo.cn/u/1559441203?,2024-12-04 15:22:27,中国,淄博,P3iZCud97,曾经是只小可爱,今天看论文，发现这么一篇论文，第一单位是山东大学的，合作单位有新加坡的南洋理工跟台湾地区的亚洲大学。虽然学术交流很正常，但你把People's Republic of China跟Taiwan并列，你山东大学就这么没有敏感度吗 ,m,0.9999991769028416,83.0,2024-12-09 01:58:51,912.0,谨慎，这是个男的！第六道菜美食家~本名张芝橙~那个喜欢鞠婧祎的男生~永远爱糖公主~,山东,17万,12.0,11.0
1593380125.0,,https://m.weibo.cn/detail/P3qhDfZC3,https://m.weibo.cn/u/1711530911?,2024-12-05 09:56:02,中国,济南,P3qhDfZC3,一路陪伴jh,【山东大学发布讣告：#著名经济学家黄少安逝世#，享年62岁】11月11日晚间，山东大学经济研究院发布讣告：  中国共产党党员，我国著名经济学家，山东大学讲席教授、教育部长江学者特聘教授、国家哲学社会科学领军人才黄少安同志，因病医治无效，于2024年11月11日14时32分在济南逝世，享年62岁。 ...全文,m,0.9999999872475204,597.0,2024-12-09 01:58:51,2373.0,济南时报·新黄河客户端官方微博，联系邮箱：565188614@qq.com；联系电话：0531-82061110；商务合作QQ：565188614,山东,1151.9万,222.0,71.0
1603919632.0,,https://m.weibo.cn/detail/P3L2TzV8V,https://m.weibo.cn/u/3022732373?,2024-12-07 14:47:25,中国,威海,P3L2TzV8V,北野自治区,我们都想不通为什么他们寒窗苦读十余年，毕业之后当宿管？ 去年山东大学也出过类似新闻，是一回事麽？  先说说山东大学去年聘用2位名校硕士当公寓的事，被录用的两人，一位是哈尔滨工业大学建筑学硕士，一位是澳大利亚阿德莱德大学葡萄酒商务专业硕士。谁看了都会觉得“大材小用”、“杀鸡焉用牛刀”！ ...全文,m,0.99991847596222,268.0,2024-12-09 01:58:51,1197.0,中国技术创业协会校企专委负责人,山东,225.2万,65.0,17.0
1647210043.0,OD14twVIv,https://m.weibo.cn/detail/OD14twVIv,https://m.weibo.cn/u/1647210043?,2024-10-24 13:11:36,中国,贵阳,,百姓关注,【#山东一高校曝男生多次偷拍女厕被抓# 学校：正在处理此事】#山东多名大学生发帖怒斥偷拍男# 10月22日，山东大学多名学生发帖谴责一男生在理综楼女厕所多次偷拍女生的行迹。有学生表示，一女生拍到偷拍男的正脸后发贴怒斥，但没多久帖子就被学校删除了。还有截图显示，疑似该男生承认多次偷拍，并求饶 ...全文,m,0.0005162262385741,3592.0,2024-12-09 01:58:51,564.0,热线爆料三种方法：①拨打热线13984842424或0851-85377666；②下载《百姓关注》手机客户端爆料；③《百姓关注》微信号菜单进入爆料,贵州,383.4万,319.0,207.0
1660069507.0,,https://m.weibo.cn/detail/P3qMBxoll,https://m.weibo.cn/u/1347322121?,2024-12-05 11:12:21,中国,济南,P3qMBxoll,郎哥有话说,只改一个字！！让山东大学上档次 ,m,0.9285913781175862,778.0,2024-12-09 01:58:51,201.0,做生活的勇者，我们同行！❤️,山东,79.1万,508.0,28.0
1679114392.0,,https://m.weibo.cn/detail/P3sxYe08r,https://m.weibo.cn/u/1497574603?,2024-12-05 15:41:46,中国,青岛,P3sxYe08r,猪尾蛋,2011年我从北大退休，受聘为山东大学一級教授，就住在济南的山大宿舍南院。那时山大全校聘任的一级教授有13位，大多不住在济南，而我是搬家到此地过日子的。课不多，也较少应酬，那是难得的安宁的日子。后来因为编教材来回奔波，在北大语文所也有些事要做，又搬回北京住，就改为兼任山大讲席教授。这一 ...全文,m,0.999113478037909,228.0,2024-12-09 01:58:51,1997.0,山东大学文科一级教授，北大中文系教授。,山东,419.4万,13.0,25.0
1711530911.0,,https://m.weibo.cn/detail/OFOrDv8lh,https://m.weibo.cn/u/1730784747?,2024-11-11 22:33:52,中国,济南,OFOrDv8lh,新黄河,三天内，两位敬爱的师长走了。一位是我校英语学院的张耘教授，一位是山东大学的黄少安教授。到这个年龄虽然应该学习得看开一些。但两位师长，都是极其令人尊重的，无论是学问还是做人，都是我辈楷模！两位前辈千古！ ,m,0.9999070482063313,49.0,2024-12-09 01:58:51,4658.0,物澤芳華，學以啟世；和光同塵，為而不爭。,山东,16.5万,13.0,1.0
1729014640.0,,https://m.weibo.cn/detail/P3qcfxH3F,https://m.weibo.cn/u/5375248381?,2024-12-05 09:42:47,中国,北京,P3qcfxH3F,科学网,#山东大学男生多次偷拍女厕后求饶# #山大回应网传男子教学楼女厕偷拍# 建议校园取消高考，研考、公考、教资考资格，学信档案上一定要留下这样记录，将来求职也寸步难行！！ ,m,0.99955842113385,200.0,2024-12-09 01:58:51,6.0,刘家有儿，人称昊霖。,北京,40.2万,20.0,12.0
1730784747.0,OFOLd9M1a,https://m.weibo.cn/detail/OFOLd9M1a,https://m.weibo.cn/u/3194153385?,2024-11-11 23:22:05,中国,北京,,牛华勇,近日，教育部高等教育司公布第二批32个“人工智能+高等教育”应用场景典型案例，科大讯飞助力北京航空航天大学、北京理工大学、北京邮电大学、山东大学、武汉理工大学等5所高校打造的案例成功入选。💪🌹教育部公布第二批“人工智能+高等教育”应用场景典型案例，科大讯飞助力多项案例入选 ,m,0.9992694493597016,22.0,2024-12-09 01:58:51,135.0,机会只留给有准备的人！,北京,19.5万,4.0,2.0
1753234175.0,,https://m.weibo.cn/detail/P3UKeftHe,https://m.weibo.cn/u/1411435095?,2024-12-08 15:28:54,中国,泰安,P3UKeftHe,泰安日报,洪楼教堂，大概是存于每一个在老校读书的山大人心中的景致，于我这个本硕博十多年的老学生更是如此。每每经过，都会不由想起那些年那些人那些事，所有的所有，都是最美的时光 ,f,0.9999996939981384,5.0,2024-12-09 01:58:51,759.0,孤村芳草远，斜日杏花飞,山东,5080,0.0,0.0
1770165364.0,,https://m.weibo.cn/detail/P3aDZ6S4t,https://m.weibo.cn/u/6201346584?,2024-12-03 18:07:09,中国,广州,P3aDZ6S4t,FM974珠江经济台,#开国将帅# 2004年12月8日，内蒙古军区原政委廷懋少将在京病逝，享年91岁。廷懋是1955授衔的5位蒙古族开国将军之一，他早年曾就读于冯庸大学附属中学，后考入了青岛的山东大学物理系，大三时因参加声援“一二·九”运动的山东大学学生救国会而被开除。1936年到北平参加了中华民族解放先锋队。1937年10月 ...全文,m,0.9999999959554624,38.0,2024-12-09 01:58:51,6117.0,好好学习，天天向上！,广东,6.8万,34.0,38.0
1784473157.0,,https://m.weibo.cn/detail/P30PGpE6U,https://m.weibo.cn/u/5521882911?,2024-12-02 17:08:31,中国,北京,P30PGpE6U,中国新闻网,参加了三年华为杯数模研赛， 这次终于如愿来到颁奖典礼现场了  华为之夜晚宴挺丰盛， 运气好抽中了三等奖智能台灯 就是有点大不太好带  看别人成群结队， 一起和校旗合照， 感觉南大也太孤单了  明年研赛由矿大承办， 希望还能有机会去现场叭 ...全文,m,0.987827162799214,6.0,2024-12-09 01:58:51,374.0,无心插柳柳成荫那种美丽，没什么期待才会偶遇惊喜。,北京,882,0.0,0.0
2880758390.0,,https://m.weibo.cn/detail/P3cdZtZ2f,https://m.weibo.cn/u/5118139288?,2024-12-03 22:08:37,中国,济南,P3cdZtZ2f,Wid808Bass_,山大一日游[好运连连] 青岛·山东大学青岛校区博物馆 ,f,0.9999924584643656,3.0,2024-12-09 01:58:51,329.0,本帳號為AI［自動更新］,山东,343,1.0,0.0
3194153385.0,,https://m.weibo.cn/detail/P2zFOgNdf,https://m.weibo.cn/u/3296258407?,2024-11-29 20:00:01,中国,韶关,P2zFOgNdf,文欧价值,#闻字日记#  “华为杯”数学建模 济南·山东大学中心校区 ,f,0.9836717209402094,6.0,2024-12-09 01:58:51,480.0,好事总会发生在下一个转弯,广东,198,2.0,0.0
5751811458.0,,https://m.weibo.cn/detail/P3VlN0RVp,https://m.weibo.cn/u/3924873598?,2024-12-08 17:01:26,中国,青岛,P3VlN0RVp,珍珍_EA,#何以中国弦歌不辍#  何以中国 | 海岱考古有了科技范儿 提到考古，你能想到什么？是戴着草帽在田间掘土，是用小铲子轻轻清理泥土，还是用毛刷拂去文物上的灰尘？如今，这种“刻板”印象或许要被“颠覆”了。在山东这片充满文化底蕴的土地上，科技考古正以其独特的魅力，引领着我们探索历史的智慧之光。 ...全文,f,1.0,0.0,2024-12-09 01:58:51,43.0,回不去的2013,山东,113,0.0,0.0
5067158731.0,,https://m.weibo.cn/detail/P3uMZCuyk,https://m.weibo.cn/u/7739503876?,2024-12-05 21:24:18,中国,广州,P3uMZCuyk,连板一姐,假装被齐鲁挖走了 博施济众  广智求真 #山东大学##齐鲁医院##山东大学趵突泉校区#山东大学(趵突泉校区)济南·山东大学(趵突泉校区) ,m,0.99999778229017,1.0,2024-12-09 01:58:51,144.0,不仅医人，更要医心！,广东,39,1.0,0.0
5208920153.0,,https://m.weibo.cn/detail/P3VWxqnj3,https://m.weibo.cn/u/6646969467?,2024-12-08 18:31:59,中国,,P3VWxqnj3,奶油泡泡mio,[吃馕] 济南·山东大学(趵突泉校区) ,f,0.9910752831155352,0.0,2024-12-09 01:58:51,39.0,🫶🫶向荣,山东,30,0.0,0.0
5281491251.0,,https://m.weibo.cn/detail/P3E3Ei88G,https://m.weibo.cn/u/5456589573?,2024-12-06 21:00:02,中国,青岛,P3E3Ei88G,信网,快乐就够了 ʔ•̫͡•ʕ 济南·山东大学中心校区 ,f,0.9982761495561316,1.0,2024-12-09 01:58:51,1331.0,"A woman, like an army. 我是我的堡垒，没人能摧毁",山东,189,0.0,0.0
5305157796.0,,https://m.weibo.cn/detail/P3t2GkMF0,https://m.weibo.cn/u/7771167726?,2024-12-05 16:57:27,中国,德州,P3t2GkMF0,爱武城,山东大学考研  出山大新传模拟题  目前组织的两次模考及批改已基本结束 最近有没参与到的同学 联系我单买卷子和答案 在这里说明一下到考前还是可以买滴 出题原因都是结合山大的重点进行的押题 参考语料提供多种思路 共31页 三万五千多字 补充附赠没有解析的押题卷及山大重点 以上 有意者可✉️ ...全文,f,0.9999999998503386,0.0,2024-12-09 01:58:51,153.0,朋友圈bb机,山东,112,1.0,0.0
5375248381.0,OD3GLjVh9,https://m.weibo.cn/detail/OD3GLjVh9,https://m.weibo.cn/u/3809744992?,2024-10-24 19:51:25,中国,北京,,刘昊霖Andy,【#济南轨道交通8号线全线贯通# 】12月5日，在济南轨道交通8号线一期工程建设现场，最后一榀U型梁在潘王路站至山东大学站（均为工程名）区间完成架设，标志着8号线全线桥隧贯通，为早日建成通车奠定坚实基础。 济南轨道交通8号线一期工程西起邢村站、东至清源大街站，全长25.50公里，其中地下段约5.62 ...全文,m,0.9793306096626456,2.0,2024-12-09 01:58:51,94.0,解读交通 服务出行,北京,10万,0.0,0.0
5399140185.0,,https://m.weibo.cn/detail/P3Cyh2xDL,https://m.weibo.cn/u/7358839640?,2024-12-06 17:10:00,中国,潍坊,P3Cyh2xDL,奎文发布,他们心态真好，大早上起来挨喷 济南·山东大学中心校区 ,m,0.8534448990014285,4.0,2024-12-09 01:58:51,476.0,人生何处不青山🏔,山东,97,5.0,0.0
5399140185.0,,https://m.weibo.cn/detail/P3ICxA07e,https://m.weibo.cn/u/6413265151?,2024-12-07 08:37:00,中国,潍坊,P3ICxA07e,奎文发布,零下的温度  热情的节奏  抢到的后排  今日人设：白龙沙僧马 济南·山东大学中心校区 ,f,0.999821806487944,1.0,2024-12-09 01:58:51,168.0,自由就是不再寻求认可,山东,215,2.0,0.0
5450756900.0,,https://m.weibo.cn/detail/P3VJzerD6,https://m.weibo.cn/u/5399140185?,2024-12-08 18:00:00,中国,青岛,P3VJzerD6,小马甲不能丢丢,【#原来古人最快乐的事情也是吃肉#】山东大学考古学院教授宋艳波介绍，在北辛遗址一处灰坑中，发现6个个体的猪下颌骨。原来在7000年前，北辛人就开始吃猪肉了，从各个北辛文化遗址陆续出土的猪骨数量判断，猪已经成为北辛人主要的饲养对象。 闪电新闻的微博视频 ,m,0.9999999999995848,2.0,2024-12-09 01:58:51,1114.0,中共潍坊市奎文区委宣传部官方微博,山东,14.7万,2.0,1.0
5456589573.0,,https://m.weibo.cn/detail/P3K8wdyn4,https://m.weibo.cn/u/7448176830?,2024-12-07 12:28:31,中国,,P3K8wdyn4,-零零幺,下个月就要过年了#生活手记# 济南·山东大学中心校区 ,f,0.9424655154080174,21.0,2024-12-09 01:58:51,99.0,岁月长歌为伴 诗书砥砺生涯🎓,山东,5453,11.0,2.0
5510544196.0,,https://m.weibo.cn/detail/P3jmzADrx,https://m.weibo.cn/u/2661956384?,2024-12-04 16:19:00,中国,武汉,P3jmzADrx,晴川繁花,（转）何先生是浙江金华人，1917年生于天津，早年入著名的私立南开中学。1934年，在山东大学学习化学一年后，又考入清华大学。到清华不久，他对化学兴趣全消，对历史兴趣大增，于是考虑是否转攻历史。一次月考，他的历史得了89分，应属不错。然而，一位得91分的同学对他说：“能得89分也很不错啦！”这 ...全文,m,0.9999999919418416,0.0,2024-12-09 01:58:51,1091.0,若复不为无益之事，则安能悦有涯之生？,湖北,30.1万,0.0,0.0
5521882911.0,,https://m.weibo.cn/detail/P3WfMkvwa,https://m.weibo.cn/u/7516052957?,2024-12-08 19:19:22,中国,,P3WfMkvwa,____不吵不闹的六月,26法硕2对1督学 两位学姐2对1建群辅导，两人全部一战上岸山东大学，且成绩排名前十。 提供的服务： 1.根据个人具体情况制定周计划，并按时督促打卡完成，帮助把握复习节奏和进度。 2.专业课问题答疑，及时帮助你解决问题。 3.背诵阶段帮助抽查背诵，加深印象。 4.政治英语的学习方法。 5.心理疏导。 6. ...全文,f,0.9999388206342772,0.0,2024-12-09 01:58:51,110.0,,山东,2,0.0,0.0
5521882911.0,,https://m.weibo.cn/detail/P3DRHeJiS,https://m.weibo.cn/u/7265762299?,2024-12-06 20:30:36,中国,,P3DRHeJiS,____不吵不闹的六月,南信山大联名—明德楼 济南·山东大学中心校区 ,f,0.9895805431797862,3.0,2024-12-09 01:58:51,41.0,,山东,19,0.0,0.0
5599258815.0,,https://m.weibo.cn/detail/P3m9E6Laz,https://m.weibo.cn/u/7831769819?,2024-12-04 23:25:23,中国,北京,P3m9E6Laz,__Deal__,山东大学考研 考研倒计时！ 接615 822党史专业科社专业统战专业冲刺课辅导，感觉背不完的小朋友可以来啦 今年党史专业专业第一就是我带上岸滴 ,f,0.9999975670259956,0.0,2024-12-09 01:58:51,10.0,山大政管考研交流群619142368,北京,2,0.0,0.0
5625102330.0,,https://m.weibo.cn/detail/P3iw94nsm,https://m.weibo.cn/u/7516052957?,2024-12-04 14:09:49,中国,济南,P3iw94nsm,inside_dream,26法硕2对1督学 两位学姐2对1建群辅导，两人全部一战上岸山东大学，且成绩排名前十。 提供的服务： 1.根据个人具体情况制定周计划，并按时督促打卡完成，帮助把握复习节奏和进度。 2.专业课问题答疑，及时帮助你解决问题。 3.背诵阶段帮助抽查背诵，加深印象。 4.政治英语的学习方法。 5.心理疏导。 6. ...全文,f,0.9999388206342772,0.0,2024-12-09 01:58:51,110.0,,山东,2,0.0,0.0
5633665147.0,,https://m.weibo.cn/detail/P3dhth4V9,https://m.weibo.cn/u/7265762299?,2024-12-04 00:49:56,中国,韶关,P3dhth4V9,鉴股牛哥,南信山大联名—明德楼 济南·山东大学中心校区 ,f,0.9895805431797862,3.0,2024-12-09 01:58:51,41.0,,广东,19,0.0,0.0
5664015066.0,,https://m.weibo.cn/detail/P3AQ0aGC5,https://m.weibo.cn/u/2265859925?,2024-12-06 12:48:11,中国,威海,P3AQ0aGC5,mmmmmm7__,#走进山东省立医院菏泽医院专家团队# 山东省立医院菏泽医院科室骨干——感染性疾病科葛方启  葛方启，主任医师，1990年毕业于山东大学医学院。 2003年青岛大学医学院硕士研究生毕业。兼任菏泽市医学会传染病分会委员，菏泽市医学会肝病分会委员。 擅长：从事感染性疾病三十余年，擅长各型病毒性肝炎、 ...全文,m,0.9999999907028791,0.0,2024-12-09 01:58:51,184.0,"齐鲁晚报菏泽融媒中心官方微博号，主要发布菏泽最新鲜、正能量、有意思的文图和短视频，也会不间断将手脚伸到全世界。
自即日起，全面起航，用更大的努力为最美的您提供最佳的收看体验。",山东,311.3万,0.0,0.0
5664015066.0,,https://m.weibo.cn/detail/P3MBUaAaQ,https://m.weibo.cn/u/5281491251?,2024-12-07 18:46:25,中国,威海,P3MBUaAaQ,mmmmmm7__,【打造校企合作新高地 青岛机场集团与山东大学签署战略合作协议】前期，青岛机场集团与山东大学已有良好的合作基础，涉及员工健康体检、机场保障服务等领域。 打造校企合作新高地 青岛机场集团与山东大学签署战略合作协议 ,m,0.9999999999996684,0.0,2024-12-09 01:58:51,104.0,信网(qdxin.cn)青岛生活服务门户网站，欢迎提供线索。,山东,59.8万,0.0,0.0
5733670322.0,,https://m.weibo.cn/detail/P37r92l1Z,https://m.weibo.cn/u/5521882911?,2024-12-03 09:57:17,中国,哈尔滨,P37r92l1Z,黑龙江教育,浅浅期待一下 #华为杯##研究生##数模##竞赛# 济南·山东大学中心校区 ,m,0.9931402653811232,8.0,2024-12-09 01:58:51,374.0,无心插柳柳成荫那种美丽，没什么期待才会偶遇惊喜。,黑龙江,882,2.0,0.0
5118139288.0,,https://m.weibo.cn/detail/P3TVQk26f,https://m.weibo.cn/u/3683965947?,2024-12-08 13:24:46,中国,,P3TVQk26f,我的ID是森活魚块,师兄去山大开会吃我最爱的兰州拉面需要10rmb，我在科大吃垃圾需要26rmb，青菜是吃了会吐的，油鸡是只有油的，每次在吃食堂的时候我都非常想念山大 ,f,0.2066050717168773,1.0,2024-12-09 01:58:51,149.0,自由又清醒，真诚而勇敢,山东,173,3.0,0.0
5040305750.0,,https://m.weibo.cn/detail/P3BNZFWcU,https://m.weibo.cn/u/3874599507?,2024-12-06 15:16:00,中国,德州,P3BNZFWcU,德州天衢新区,学姐我真稀罕你啵啵啵我亲亲你啵啵啵一辈子跟我好 威海·山东大学(威海校区) ,m,0.9999910133006112,5.0,2024-12-09 01:58:51,391.0,,山东,159,0.0,0.0
3221854141.0,,https://m.weibo.cn/detail/P3h4az7iN,https://m.weibo.cn/u/7526090479?,2024-12-04 10:28:09,中国,济南,P3h4az7iN,微博济南,2024年12月5日，阳光倾洒，山东大学洪家楼校区古老的教学楼在光影勾勒下，轮廓愈发硬朗而庄重，展现着山东大学洪家楼校区百年老校独有的建筑魅力。（作者：杨帅）#山东大学洪家楼校区##百年老校##古建筑# ,m,0.9999997072001096,1.0,2024-12-09 01:58:51,122.0,,山东,1717,1.0,0.0
3980756404.0,,https://m.weibo.cn/detail/P3Atv1V6R,https://m.weibo.cn/u/3568130650?,2024-12-06 11:52:45,中国,陇南,P3Atv1V6R,陇南武都社保局,莫名的累 从周三到周五 连轴上了三整天的课 累到晚上不想说话 今早上又马不停蹄的来医院看👵 昨晚加起来睡了不到5小时 头疼要疼炸了感觉 一下子憔悴了好多 明后天又要起大早带学生出去考一天试 最近也是满满的憔悴 济南·山东大学齐鲁医院 ,f,0.454257168263723,1.0,2024-12-09 01:58:51,419.0,此间无事 岁岁年年,甘肃,565,0.0,0.0
3296258407.0,,https://m.weibo.cn/detail/P3TASpCS8,https://m.weibo.cn/u/1789442461?,2024-12-08 12:33:07,中国,,P3TASpCS8,可晨闻,你好 我去年山大毕业 数学专业 绩点81 拿过一些省级的建模奖项 雅思6.5（5.5）三年工作经验 申城大和理工的计算机专业机会大吗  #香港研究生申请##陈大大说研究生申请# ,m,0.998816934964651,1.0,2024-12-09 01:58:51,2339.0,MSc硕士，多次受邀参与高校直播，作品代表 《陈大大留学说》、《陈大大带你走进校园》、《大粉来信》等,山东,40.5万,0.0,1.0
3541728125.0,,https://m.weibo.cn/detail/P3sLID3QI,https://m.weibo.cn/u/2175686497?,2024-12-05 16:15:40,中国,蚌埠,P3sLID3QI,蚌埠发布,#淋巴水肿# 【#健康科普# | 孩子腿变粗可能不是长胖了，警惕这种致残行极高的疾病】宝宝越来越圆润，很多家长以为是长胖了，忽略了其中的风险。其实，很多淋巴水肿会表现为软组织的增厚，如肢体的增粗，不对称，肿胀，影响生长发育、正常活动，导致残疾。这不仅仅会对孩子的身体造成影响，它还可能带来 ...全文,m,0.9999996610480414,0.0,2024-12-09 01:58:51,247.0,《济南日报》创刊于1948年，作为中共济南市委机关报，《济南日报》是全国十五家副省级党报之一，是济南覆盖最广的主流媒体。,安徽,145.5万,0.0,0.0
3546569522.0,,https://m.weibo.cn/detail/P3s9BmTOi,https://m.weibo.cn/u/6879785988?,2024-12-05 14:41:45,中国,青岛,P3s9BmTOi,即墨环保,#我想和医疗中的死不认错叫个板##山大口腔##医疗诈骗##我的抗战#  山大口腔医学院（医院）副院长、正畸科主任、康虹院区院长魏福兰，你不是喜欢照镜子吗？天光已经大亮，快来照一照吧。  魏福兰，2020年7月21日第一次交涉后你收集病历资料组织专家会诊，关于王春玲的矫治你敢说你没看明白吗？我原本以 ...全文,f,0.4043081685859033,0.0,2024-12-09 01:58:51,674.0,学习与记录,山东,611,0.0,0.0
3546569522.0,,https://m.weibo.cn/detail/P3s9BmTOi,https://m.weibo.cn/u/7375978743?,2024-12-05 14:41:45,中国,青岛,P3s9BmTOi,即墨环保,山东大学SDU  大家有想做家教的朋友们可以进群啦！不要让自己的才华被埋没哦 ,m,0.9979819089427276,0.0,2024-12-09 01:58:51,205.0,,山东,3,1.0,0.0
3547942163.0,,https://m.weibo.cn/detail/P3ai59J6t,https://m.weibo.cn/u/7929426651?,2024-12-03 17:13:12,中国,菏泽,P3ai59J6t,菏泽鲁网,今年相比于去年来说 不管是遇见的人 还是事 都幸运好太多了 这可能是幸运的一年山东大学SDU ,f,0.9998461197547934,1.0,2024-12-09 01:58:51,184.0,,山东,6,0.0,0.0
3568130650.0,,https://m.weibo.cn/detail/P3KSDAr8i,https://m.weibo.cn/u/2005407691?,2024-12-07 14:22:09,中国,济南,P3KSDAr8i,比考试难考的地瓜疯了版,#高校#  山东大学 青岛·山东大学(青岛校区) ,m,0.9999341322457748,1.0,2024-12-09 01:58:51,145.0,Struggle for life～,山东,520,3.0,0.0
3577849617.0,,https://m.weibo.cn/detail/P3UtRhS6o,https://m.weibo.cn/u/7328617218?,2024-12-08 14:48:34,中国,淄博,P3UtRhS6o,淄博发布,自己设计的游戏也是玩上啦！美美背上我们设计游戏的小奖品，好看好看好看，其他三个人还没回来，我先替大家背啦 海鸥话剧社的演出超棒，这个剧团好E，好喜欢！ 青岛·山东大学(青岛校区) ,f,0.9999999999878396,0.0,2024-12-09 01:58:51,13.0,,山东,3,0.0,0.0
3577849617.0,,https://m.weibo.cn/detail/P3UtRhS6o,https://m.weibo.cn/u/6485277108?,2024-12-08 14:48:34,中国,淄博,P3UtRhS6o,淄博发布,同步一下🧚🏼♀️ 青岛·山东大学(青岛校区) ,f,0.9998655171605936,7.0,2024-12-09 01:58:51,114.0,📕，dy 9Ullll2llllRaaaaa,山东,153,1.0,0.0
3683965947.0,,https://m.weibo.cn/detail/P3KrnEbhf,https://m.weibo.cn/u/6102764058?,2024-12-07 13:15:00,中国,,P3KrnEbhf,每天都只想毕业和生发,第一次在酒店点一箱啤酒来喝🍺 简直不要太快乐  济南微醺局 济南·全季酒店(济南山东大学山大南路店) ,f,0.9846808148525328,1.0,2024-12-09 01:58:51,71.0,平安喜乐，得偿所愿～,香港,128,2.0,0.0
3698965682.0,,https://m.weibo.cn/detail/P3gyruP8Z,https://m.weibo.cn/u/6010821807?,2024-12-04 09:10:00,中国,威海,P3gyruP8Z,乳山发布,马院马克思主义理论考研  山大    山东大学马理论初试历年真题答案 保真低价 ,f,0.9999974845212904,0.0,2024-12-09 01:58:51,662.0,。,山东,381,0.0,0.0
3803091955.0,,https://m.weibo.cn/detail/P3DaZzPr9,https://m.weibo.cn/u/6692661652?,2024-12-06 18:45:23,中国,青岛,P3DaZzPr9,Lucky江小糖,又又又来吃大吉利了 济南·山东大学中心校区 ,f,0.9592135325773232,3.0,2024-12-09 01:58:51,202.0,能饮一杯无,山东,66,0.0,0.0
3803785662.0,,https://m.weibo.cn/detail/P3VjYcwLX,https://m.weibo.cn/u/7372791642?,2024-12-08 16:56:57,中国,北京,P3VjYcwLX,赵丽婚姻律师,#云政要闻# 【王宁与山东大学党委书记任友群校长李术才举行工作会谈】12月7日，省委书记王宁在昆明与山东大学党委书记任友群、校长李术才一行举行工作会谈。 王宁与山东大学党委书记任友群校长李术才举行工作会谈 ,m,0.9999969153456016,0.0,2024-12-09 01:58:51,138.0,,北京,2.9万,0.0,0.0
3809744992.0,,https://m.weibo.cn/detail/P3IOJ7i2r,https://m.weibo.cn/u/5664015066?,2024-12-07 09:07:01,中国,济南,P3IOJ7i2r,山东交通运输,🤍下雪啦☃︎ *･ﾟ  山东大学SDU#下雪啦##山东雪窝子下雪了吗##雪景##下雪了# 威海 ,f,0.854652596299844,2.0,2024-12-09 01:58:51,85.0,,山东,54,1.0,0.0
3809744992.0,,https://m.weibo.cn/detail/P3jkgagLa,https://m.weibo.cn/u/7526090479?,2024-12-04 16:13:17,中国,济南,P3jkgagLa,山东交通运输,#济南轨道交通8号线预计明年底通车#【明年底通车，济南轨道交通8号线全线桥隧贯通】12月5日，在济南轨道交通8号线一期工程建设现场，最后一榀U型梁在潘王路站至山东大学站（均为工程名）区间完成架设，标志着8号线全线桥隧贯通。目前，8号线车站全部封顶，转入装饰装修、机电设备安装阶段，计划2025年 ...全文,m,0.985066017626594,0.0,2024-12-09 01:58:51,122.0,,山东,1717,0.0,0.0
3874599507.0,,https://m.weibo.cn/detail/P3KEt1hR9,https://m.weibo.cn/u/7383854910?,2024-12-07 13:47:14,中国,威海,P3KEt1hR9,绿松三四枝,巧克力柿子超级无敌巨好吃！！！！ 青岛·山东大学青岛校区图书馆 ,f,0.9999948988483738,1.0,2024-12-09 01:58:51,199.0,我们只管向前跑，剩下只有风声,山东,10,1.0,0.0
3889212468.0,,https://m.weibo.cn/detail/P3ij9E4kM,https://m.weibo.cn/u/1603919632?,2024-12-04 13:37:49,中国,北京,P3ij9E4kM,大气科学进展AAS,雪到威海站，晚点一天。 昨天才是二十四节气之一的大雪节点。 但是昨天阳光朗照，天气晴好。  先贤们是怎样捕捉到某些宇宙机密的？ 据传马斯克说过，没有发明创造 机密都是通天者猜中密码悄悄下载的。  于是智力竞争成了猜想游戏。 静观，内省，归零，顿悟 成为科学，哲学，诗歌与艺 ...全文,m,0.999999999999628,3.0,2024-12-09 01:58:51,332.0,诗人。书法家。著有《马嚼夜草的声音》等诗文集6部。曾获第二届“华文青年诗人奖”。,北京,2893,0.0,0.0
3924873598.0,,https://m.weibo.cn/detail/P3DJIzns1,https://m.weibo.cn/u/6245101146?,2024-12-06 20:10:57,中国,,P3DJIzns1,紫色miao257,#济宁# 【山东大学第二医院与曲阜市人民医院签约！】 12月5日，山东大学第二医院与曲阜市人民医院签约医联体建设，并建立了口腔颌面、肝胆胰专科医联体合作关系。  医联体的建设将依托山东大学第二医院区域医疗中心的引领辐射带动作用，为市人民医院在先进管理经验、精湛医疗技术和优质服务理念方面培 ...全文,m,0.9984802148380392,1.0,2024-12-09 01:58:51,72.0,早安🌅,山东,1.1万,0.0,0.0
,,https://m.weibo.cn/detail/N/A,https://m.weibo.cn/u/6142827538?,,,,,,#读书打卡# 《山东博物馆》，蛋壳黑陶，碎片的厚度不超过0.2毫米。目前为止，蛋壳黑陶杯完整存世品极少。除了日照市博物馆的藏品外，其余小部分藏于中国国家博物馆（征调）、山东大学，多数珍藏于山东省博物馆，海外也有一些。无论是考古发掘还是从民间征集，目前发现的蛋壳黑陶杯基本都发现于离黄河入 ...全文,f,0.9999995659946428,0.0,2024-12-09 01:58:51,147.0,止损不止盈 加涨不加跌 投资不过山海关,,1351,0.0,0.0
