微博id,微博bid,微博作者,发布时间,微博内容,转发数,评论数,点赞数,国家,省份,城市,用户简介,用户关注数,粉丝数,性别,主页,sentiment_result,crawl_time
1213536224,Ozczsfcte,演员郭晓东,2024-09-29 11:06:55,我有了想做演员的念头，想做一个能像刘德华那样的好演员念头就是从那个时候开始的。         做演员这个念想的种子，不知不觉地就埋在了心里，渐渐地夯实了我人生的方向。         刘德华，就是方向和榜样的存在。         不要惧怕自己的理想，更不要轻易地放弃梦想，万一实现了呢。 ,2216,838,6296,中国,山东,临沂,《暖》《颐和园》《推拿》《秋喜》《新结婚时代》,758,274.1万,m,https://m.weibo.cn/u/1213536224?,正面,2024-09-30 10:42:33
5883814680,OzfTooutz,晨报文艺,2024-09-29 19:34:17,#晨报文艺福利时间#由刘德华、张子枫、屈楚萧领衔主演的动作#电影危机航线# 将于明天起正式全国上映，这部国庆档新片讲述了世界上最大的双层豪华客机A380首次航行遭遇劫机，一位国际安保专家与女儿联手在万米高空对抗劫匪的故事。关注@晨报文艺 并转发此条微博，我们将抽出8位朋友每人送出2张《危机航 ...全文,219,76,74,中国,上海,上海,《新闻晨报》文艺部｜最新文娱资讯、深度采访,807,269.9万,f,https://m.weibo.cn/u/5883814680?,正面,2024-09-30 10:42:33
7718634289,Oz5PRtMRF,拉布拉蝶儿,2024-09-28 17:58:07,#刘德华危机航线打戏#感受一下刘德华在《危机航线》里的打戏，什么叫真我们父母那辈人的严选偶像，为什么能长红这么多年，因为敬业啊真的太敬业了，拍流浪地球2的时候在水里泡了那么久不用替身，《危机航线》里拳 拳 到 肉 的打戏也都是自己来，不喊苦不喊累就为了呈现最好的效果，看看这高颜值看看这 ...全文,38,61,161,中国,江苏,南京,是夸夸博主红稿博主，投稿或合作请私信戳,320,54.5万,m,https://m.weibo.cn/u/7718634289?,正面,2024-09-30 10:42:33
1855757243,OzfCha70A,1905影视频,2024-09-29 18:52:06,#小影送福利# 【小影请你看电影】关注@1905影视频 转评赞本条微博，小影将为幸运粉丝送出《危机航线》观影码～#2024国庆档观影指南##电影危机航线#   电影由刘德华、林小强监制，彭顺执导，刘德华、张子枫、屈楚萧、刘涛、郭晓东、蒋梦婕等出演。 ,189,151,152,中国,北京,北京,《1905影视频》，由1905电影网出品，每周五17:30电影频道播出。用电影的眼光，关注生活的一切。,233,769.7万,f,https://m.weibo.cn/u/1855757243?,正面,2024-09-30 10:42:33
1807269055,Ozg9UrfnU,扑倒刘德华,2024-09-29 20:14:59,刘德华  奶香糯米糍 ,18,19,79,中国,湖北,武汉,点错了点错了！但不会道歉。,410,2.7万,f,https://m.weibo.cn/u/1807269055?,正面,2024-09-30 10:42:33
1718014313,OzczIqTD0,邂逅银幕,2024-09-29 11:07:34,危机航线里面的动作场面很有《疾速特攻》、《伸冤人》这些片子的感觉，一个人单挑一个小队的设定，招招致命的动作设计，那种痛感传递得十分到位。刘德华在货仓干掉卧底那段，骨头断裂的疼痛感无延时传递到观众身体上；后面刀子插进身体里的那些场景，太疼了！真正的爽片，能达到这种水准很不容易。 ,2,1,34,中国,河北,保定,我待电影如初X 合作请私信，我都会看的,749,45.1万,m,https://m.weibo.cn/u/1718014313?,正面,2024-09-30 10:42:33
7352431479,Ozf3rxII7,刚田猛,2024-09-29 17:26:18,刚才跟我妈打电话，问她国庆怎么过。我妈：我准备去看刘德华演唱会。我妈：你该不会没安排吧？那也太无聊了。我：…… ,0,47,517,中国,浙江,宁波,社死大王。,99,24.5万,m,https://m.weibo.cn/u/7352431479?,负面,2024-09-30 10:42:33
3163693955,OzbfuDhPd,唐哲同学,2024-09-29 07:45:00,开会的刘德华， 看起来局里局气的！ ,1,3,25,中国,广东,深圳,地摊历史老照片的收集人,281,47.8万,m,https://m.weibo.cn/u/3163693955?,正面,2024-09-30 10:42:33
1396506364,OzbR41p0u,有理想的蓝大,2024-09-29 09:17:33,62岁刘德华的一日三餐，难怪看起来这么年轻，这吃的也太清淡了 ,1,2,18,中国,江西,宜春,职业股民 草根股民 小韭菜一枚,640,151.9万,m,https://m.weibo.cn/u/1396506364?,正面,2024-09-30 10:42:33
3578912684,OzjZG9Zvp,县令互联网,2024-09-30 06:00:45,2024刘德华重庆演唱会 Day1 20240830 「今天...is the Day」 音廊的微博视频 ,17,2,9,中国,广东,汕头,互联网科技，记录新鲜事，关注社会时事，传播正能量，纪录片发布。特别声明：视频、图文来源于网络，如涉版权，请提醒告知，俺立马删除。谢谢！,3391,79.2万,m,https://m.weibo.cn/u/3578912684?,正面,2024-09-30 10:42:33
1235382903,OzdKahSJd,主持人孙冬,2024-09-29 14:06:03,@电影红毯先生 挺好看的啊，刘德华好多微表情演的也好。感同身受啊 ,0,2,24,中国,吉林,长春,,694,13.4万,m,https://m.weibo.cn/u/1235382903?,正面,2024-09-30 10:42:33
5680957081,OzlP3BpHH,微博电影榜,2024-09-30 10:40:05,#造浪吧国庆档# 由刘德华、张子枫、屈楚萧、刘涛等出演的电影《危机航线》今日上映，万米高空的巅峰对决即将启程。#一句话证明看过危机航线#挑战你能做到吗？戳下图了解活动详情，参与话题赢精美礼品吧👇 ,0,0,0,中国,北京,北京,,496,231.9万,m,https://m.weibo.cn/u/5680957081?,正面,2024-09-30 10:42:33
1338611005,OzlOBw2Nb,希望的歌,2024-09-30 10:38:57,#刘德华危机航线打戏# 打得爽,0,0,0,中国,广东,深圳,只想每天都过得快乐！,352,154,f,https://m.weibo.cn/u/1338611005?,正面,2024-09-30 10:42:33
1900552512,OzlOblXi2,凤凰网娱乐,2024-09-30 10:37:56,【#危机航线或成国庆档观众首选#】#刘德华新片有港片质感#9月30日，由彭顺执导，白羽、陈迅担任编剧，刘德华、张子枫、屈楚萧、刘涛主演的电影《危机航线》将上映。凤凰网娱乐“凤凰院线经理指数”集结全国多位一线电影院线工作者，对该片进行票房预测。院线经理点评该片：刘德华路人盘不错，类型独特 ...全文,0,0,0,中国,北京,北京,凤凰网娱乐官方微信公众号【entifengvip】，品读娱乐圈，透视名利场。合作请联系jiangyan@ifeng.com,768,1372.7万,f,https://m.weibo.cn/u/1900552512?,正面,2024-09-30 10:42:33
6515970957,OzlNN1Dtn,RFCN牛儿快跑,2024-09-30 10:36:57,刘德华#恭喜刘德华超话发帖量破9万# ,0,0,0,中国,云南,昆明,,96,39,f,https://m.weibo.cn/u/6515970957?,正面,2024-09-30 10:42:33
5850360589,OzlN7yOIu,我们的赞歌Z,2024-09-30 10:35:19,看这个简介，结合刘德华去年这些片，大概率是烂片，预言一下最终豆瓣评分 5.5-6.5分 ,0,0,0,中国,四川,德阳,✈️,828,366,m,https://m.weibo.cn/u/5850360589?,正面,2024-09-30 10:42:33
3452409474,OzlLMBelF,画外音voice_over_,2024-09-30 10:32:00,【资讯】国庆假期去哪玩！小画选#澳门银河# ！除了能一站式体验吃喝玩乐以外，还能看偶像刘德华演唱会 正准备去的小画送上攻略和吃喝玩乐优惠指南方便我们一起追星ps.银河里还有个巨幕电影院可以看最新上映的电影，《危机航线》优先场将在10.3和10.5/6放映，10.10-31期间凭演唱会票买 ...全文,0,0,1,中国,北京,北京,韩国电影资讯站。长期招新，欢迎勾搭。 （多次快转拉黑，内容转载请注明出处或提前告知，视频禁二传二改录屏截取部分），公众号：voice_over_,640,202.7万,f,https://m.weibo.cn/u/3452409474?,正面,2024-09-30 10:42:33
7770312963,OzlLJhWvN,Wonton加蔥,2024-09-30 10:31:53,#潜行#每个角色的行动仿佛都没有逻辑。最后的彭于晏好像刘德华和林家栋之间的小三。 ,0,0,0,中国,广东,佛山,在！中奖@我,302,31,f,https://m.weibo.cn/u/7770312963?,正面,2024-09-30 10:42:33
2200789002,OzfHNfk53,电影员,2024-09-29 19:05:42,【赠电影票】冷酷的刘德华与张子枫“父女”联手对抗疯癫屈楚萧，带你感受一场高空冒险！  🎬关注➕转发评论该微博，1天后随机位赠国庆档《危机航线》全国通兑电影票。  万米高空对决，惊险刺激的《#危机航线# 》给你爽感、解压的国庆假期！#造浪吧国庆档#   🍿另外：又到了月底答谢，本月互动榜前5 ...全文,101,99,96,中国,北京,北京,共沐光影！不踩雷不错过 '◡'常送电影票、电影周边,82,6.6万,m,https://m.weibo.cn/u/2200789002?,正面,2024-09-30 10:42:33
3948549952,OzlLkaXFt,宁都发布,2024-09-30 10:30:52,@Steven_爱音乐 #华语精选# 1997年为庆祝香港回归，那英和刘德华合作了一首《东方之珠》。这首歌在当时风靡全国，成为传唱度极高的金曲之一。时隔24年两人再度同台，再次唱响这首歌曲让人无比感叹。精美的舞台布景让人仿佛置身于维多利亚港的邮轮上，身后就是港岛的璀璨夜色。一首歌的时间带领听众重温 ...全文,0,0,0,中国,江西,赣州,,230,1.8万,m,https://m.weibo.cn/u/3948549952?,正面,2024-09-30 10:42:33
3033064801,OzlKW1EBO,刘德华加油站,2024-09-30 10:29:55,#刘德华# 唱响国庆，伟大祖国节日快乐！ 刘德华加油站的微博视频 ,0,0,2,中国,辽宁,葫芦岛,谢谢你们的关注,2,28.5万,m,https://m.weibo.cn/u/3033064801?,正面,2024-09-30 10:42:33
6510871186,OzlJSk1ba,古娜拉黑暗之神咻,2024-09-30 10:27:19,刘德华&amp;张子枫 不错不错！,0,0,1,中国,浙江,宁波,仰天大笑出门去，我辈岂是蓬蒿人。,118,22,f,https://m.weibo.cn/u/6510871186?,正面,2024-09-30 10:42:33
5566634538,OzlIxE2SP,张子钿,2024-09-30 10:24:02,这三个重量级人物开演唱会 如果只选择一人 你会选择观看谁的演唱会呢  1.刘德华在广东深圳开演唱会 2.张杰在福州开演唱会 3.刀郎在线上开演唱会 ,0,2,2,中国,内蒙古,包头,V信：wu2098758,2208,61.9万,m,https://m.weibo.cn/u/5566634538?,正面,2024-09-30 10:42:33
6534084311,OzlHn6zZk,宇宙美少女爱酱酱,2024-09-30 10:21:09,因一段片段而追完整部剧，刘德华主演的危机航线。 #危机航线# 宇宙美少女爱酱酱的微博视频 ,0,0,0,中国,北京,北京,我要代表宇宙最美的美少女们,321,15.8万,f,https://m.weibo.cn/u/6534084311?,正面,2024-09-30 10:42:33
1240049410,OzfKM8vR5,娱论电影,2024-09-29 19:13:03,#赵丽颖包十场749局#难怪预售第一 欲火之路预售第三 志愿军第二 刘德华的电影第四 ,2,31,620,中国,云南,昆明,娱乐影视评论写手，欢迎约稿交流 微信号：wenwenerxiang,1936,355.7万,m,https://m.weibo.cn/u/1240049410?,正面,2024-09-30 10:42:33
7077128859,OzlGVcdxu,张子枫的太阳,2024-09-30 10:20:02,张子枫 刘德华/张子枫《亲爱的小孩》（《危机航线》电影推广曲）亲爱的小孩 @QQ音乐快来听子子新歌！ ,0,0,0,中国,河南,,太阳_照耀着张子枫的太阳,254,37,f,https://m.weibo.cn/u/7077128859?,正面,2024-09-30 10:42:33
5737990122,Ozd3W3la0,娱理,2024-09-29 12:22:01,#国庆档电影最期待的演员#今年国庆档影片也太能打了！你最期待的演员是谁呀？  《志愿军：存亡之战》朱一龙、张子枫、陈飞宇、 辛柏青  《浴火之路》肖央、赵丽颖 《749局》王俊凯、苗苗、郑恺 《出入平安》肖央、阿云嘎、娜扎  《危机航线》刘德华、张子枫、屈楚萧 《只此青绿》 张翰 ...全文,74,37,1685,澳大利亚,澳大利亚,,比娱乐更深一点点,2824,685.7万,f,https://m.weibo.cn/u/5737990122?,正面,2024-09-30 10:42:33
5286142904,OzlFyC3xX,极果,2024-09-30 10:16:41,刘德华直言，后悔没有早点认识雷军 #刘德华##雷军##大佬# 极果的微博视频 ,0,0,0,中国,湖北,武汉,全球好物消费推荐平台；APP:  极果,1739,28.2万,m,https://m.weibo.cn/u/5286142904?,正面,2024-09-30 10:42:33
7809804066,OzlFvrwPB,百事都如Wo意,2024-09-30 10:16:33,#电影危机航线##看危机航线癫爽解压一步到位#  @电影危机航线  《危机航线》正在各大影院热映，这部万米高空的癫狂犯罪大片，无疑成为了这个春天的观影热潮。在这部电影中，刘德华领衔主演，将我们带入了一个极限搏杀的世界，让人心跳加速，热血沸腾，真正的一场视觉与情感的盛宴。  电影开场，一架满 ...全文,0,0,0,中国,山西,运城,,62,1006,f,https://m.weibo.cn/u/7809804066?,正面,2024-09-30 10:42:33
5566634538,OzlFjwMiK,张子钿,2024-09-30 10:16:05,我的天哪，现在男孩子头发都要做成这样呀，复古风来了，好像回到了90年代刘德华张学友郭富城黎明四大天王的发型时代 ,0,0,3,中国,内蒙古,包头,V信：wu2098758,2208,61.9万,m,https://m.weibo.cn/u/5566634538?,正面,2024-09-30 10:42:33
5220650031,OzlFg4Fhg,艾玛冲浪酱,2024-09-30 10:15:56,不知道为啥， 刘德华没有老人味， 黎明没有， 郭富城也没有， 张学友更加没有， 都是差不多年纪的人， 但是梁朝伟有老人味的感觉。 ,0,0,118,中国,上海,上海,,320,72.8万,m,https://m.weibo.cn/u/5220650031?,中性,2024-09-30 10:42:33
6472830034,OzlEzuiBh,Wo就是最幸运的,2024-09-30 10:14:14,#电影危机航线##看危机航线癫爽解压一步到位#  @电影危机航线  《危机航线》正在热映，这部电影的每一个镜头都充满了紧张与情感的交织。在这部影片中，我们跟随刘德华的脚步，深入一场发生在万米高空的生死较量。🛫  女儿的眼中充满了渴望，她望着窗外，期盼着父亲能平安降落，回到她的身边。在电影 ...全文,0,0,0,中国,山西,运城,每个人都要开心呀,485,2182,f,https://m.weibo.cn/u/6472830034?,正面,2024-09-30 10:42:33
7573091932,OzlEkyVkd,破难神仙,2024-09-30 10:13:39,#电影危机航线##看危机航线癫爽解压一步到位#  @电影危机航线  电影概览  **《危机航线》** 是一部紧张刺激的动作惊悚片，讲述了在一次从北京飞往巴黎的国际航班上发生的一系列令人窒息的事件。故事聚焦于一位经验丰富的航空安全专家李明（刘德华饰）与一名机智勇敢的年轻女子小雨（张子枫饰），两人共 ...全文,0,0,0,中国,湖南,,年富一年……,56,5,f,https://m.weibo.cn/u/7573091932?,正面,2024-09-30 10:42:33
5533453569,OzlE6xUqa,芒果紫薯番茄,2024-09-30 10:13:06,黄子弘凡 有宝宝需要帮抢嘛，无偿，就是想参与一下抢票，因为我去不了战绩是之前抢到过刘德华老师的票～ ,0,0,0,中国,四川,内江,要热爱生活呀,529,222,f,https://m.weibo.cn/u/5533453569?,正面,2024-09-30 10:42:33
5685462297,OzlDEpdXd,秋田传熙,2024-09-30 10:11:59,刘德华领衔宝刀不老，动作场面紧张刺激，在高空的飞机上斗智斗勇的题材，亮点多多，每一秒钟都不能错过。万米高空的大场面张力拉满，相当带感。#电影危机航线# ,0,1,0,中国,山东,青岛,,709,86,m,https://m.weibo.cn/u/5685462297?,正面,2024-09-30 10:42:33
7804108012,OzlCI76bf,开心且暴富的小苑ya,2024-09-30 10:09:40,#电影危机航线##看危机航线癫爽解压一步到位#  @电影危机航线  《危机航线》正在热映，这部万米高空的癫狂犯罪大片，让人心跳加速，紧张刺激！🎬 刘德华主演，更是为影片增色不少。在这部极限搏杀的作品中，惊险刺激的场景，让人仿佛置身于云端之上。😱  在这场危机之中，刘德华饰演的角色的无声牵 ...全文,0,0,0,中国,山西,,,118,1051,f,https://m.weibo.cn/u/7804108012?,正面,2024-09-30 10:42:33
5346063580,OzlCidvLC,黄牛队长,2024-09-30 10:08:38,#电影危机航线# 全程高能，这种空难类型片以往几乎只能在好莱坞电影中，确实是国产电影中罕有的，《危机航线》确实是非常完整的做到了。在短暂的铺垫之后，很快来到了劫机中，刘德华在狭小的空间中上演猫鼠游戏，在相互博弈中，进入了最后的飞机迫降。整部影片节奏紧凑，毫无尿点，观众始终沉浸在紧张 ...全文,0,1,0,中国,山西,,,560,22,m,https://m.weibo.cn/u/5346063580?,正面,2024-09-30 10:42:33
7656641646,OzlC9mFcD,安逸82551,2024-09-30 10:08:17,#电影危机航线##看危机航线癫爽解压一步到位#  @电影危机航线 在这个国庆假期，《危机航线》如同一颗璀璨的明星，照亮了整个电影院。这部电影以其震撼的视觉效果、紧张的剧情和深刻的情感，让观众们沉浸其中，无法自拔。影片中，A380 客机的巨大身影在天空中翱翔，却遭遇了劫匪的无情袭击。刘德华饰演 ...全文,0,1,0,中国,山东,菏泽,,42,12,m,https://m.weibo.cn/u/7656641646?,正面,2024-09-30 10:42:33
7751653441,OzlC22SXx,颠嗦滏,2024-09-30 10:07:59,#电影危机航线##看危机航线癫爽解压一步到位#  @电影危机航线 《危机航线》是一部令人叹为观止的电影，它将我们带入了一个充满危险和挑战的高空世界。在这架豪华的 A380 客机上，每一个人都在为了生存而努力。刘德华饰演的高皓军，他不仅是一位国际安保专家，更是一位父亲。他在保护乘客的同时，也在努 ...全文,0,1,0,中国,山东,菏泽,,68,11,f,https://m.weibo.cn/u/7751653441?,正面,2024-09-30 10:42:33
7771431716,OzlC1f9MV,A是小程同学,2024-09-30 10:07:58,#电影危机航线##看危机航线癫爽解压一步到位#  @电影危机航线 《危机航线》绝对是彭顺的回勇之作。它提供了劫机题材应有的紧张感和悬念，除了特效细节，实际上在整体的类型完成度上，真的不输好莱坞同类题材。 本片叙事和动作设计都有效利用了这架飞机的结构特点，让刘德华饰演的安保专家有足够的空间 ...全文,0,1,0,中国,四川,南充,,59,1,m,https://m.weibo.cn/u/7771431716?,正面,2024-09-30 10:42:33
7276033283,OzlBStOK6,文佳爱吃冰淇淋,2024-09-30 10:07:37,#电影危机航线##看危机航线癫爽解压一步到位#  @电影危机航线 《危机航线》作为国内首部空中犯罪大片，以稀缺的高空劫机题材，为观众带来了一场惊心动魄的视觉盛宴。影片剧情紧凑，讲述了国际安保专家高皓军（刘德华饰）在豪华客机A380首航途中，（张子枫饰）联手对抗劫匪（屈楚萧饰）的惊险故事。犯罪 ...全文,0,1,0,中国,云南,曲靖,,626,538,f,https://m.weibo.cn/u/7276033283?,正面,2024-09-30 10:42:33
6726611582,OzlBKdvJS,mylove伴随,2024-09-30 10:07:17,刘德华张子枫危机航线今天上映，我比较期待。希望多看一次。,0,0,0,中国,江苏,苏州,,313,21,m,https://m.weibo.cn/u/6726611582?,正面,2024-09-30 10:42:33
5893187118,OzlBC8bwt,全民tv科密梁,2024-09-30 10:06:57,#电影危机航线##看危机航线癫爽解压一步到位#  @电影危机航线 🚀刚刚从《危机航线》的震撼中抽离，心中满是激荡。这部电影不仅仅是一场视觉盛宴，更是一次心灵的洗礼。刘德华饰演的高皓军，以他的冷静、智慧和勇气，诠释了什么是真正的英雄。在万米高空，面对穷凶极恶的劫匪，他不仅保护了自己的家人 ...全文,0,1,0,中国,浙江,杭州,,88,13,f,https://m.weibo.cn/u/5893187118?,正面,2024-09-30 10:42:33
6586828458,OzlBuyMOm,蓝胖子君1433,2024-09-30 10:06:40,危机航线（2024） 我的评分： 看到屈楚萧这次演大反派，感觉还蛮过瘾的，跟老牌演员刘德华飞机上的对决打斗，都跟出彩，影片中有不少亲情，以及人性的贪婪和丑恶都刻画的很出色 ,0,0,0,中国,山西,太原,,7,1,m,https://m.weibo.cn/u/6586828458?,正面,2024-09-30 10:42:33
7690863002,OzlBuDb0w,削酶,2024-09-30 10:06:39,#电影危机航线##看危机航线癫爽解压一步到位#  @电影危机航线 🎬《危机航线》是一部值得一看再看的电影。影片中的剧情紧凑、节奏明快，让人在观影过程中始终保持高度的紧张感和兴奋感。刘德华、张子枫等演员的精湛演技也为影片增色不少。他们用自己的表演将角色的情感和内心世界展现得淋漓尽致。而影 ...全文,0,1,0,中国,浙江,杭州,,35,1,f,https://m.weibo.cn/u/7690863002?,正面,2024-09-30 10:42:33
7890214950,OzlBo63WI,三十六分八点半,2024-09-30 10:06:24,#电影危机航线##看危机航线癫爽解压一步到位#  @电影危机航线 《危机航线》是一部扣人心弦的电影，刘德华在其中的表现令人叹为观止。影片中，他饰演的飞行员面临重重困难，从机械故障到恶劣天气，再到恐怖分子的威胁，每一个环节都考验着他的智慧和毅力。影片通过紧凑的剧情和紧张的节奏，将观众带入了 ...全文,0,0,0,中国,河南,,,75,141,f,https://m.weibo.cn/u/7890214950?,正面,2024-09-30 10:42:33
5051170219,OzlB9ySy0,lyygyb,2024-09-30 10:05:50,#电影危机航线##看危机航线癫爽解压一步到位#  @电影危机航线  《危机航线》正热映，作为首部中国空中犯罪大片，它填补了市场空白，令人耳目一新。影片剧情紧凑，高潮迭起，讲述豪华客机A380首航遭劫，国际安保专家高皓军（刘德华饰）与盲女女儿（张子枫饰）联手对抗劫匪的故事。万米高空上的生死较量 ...全文,0,0,0,中国,河南,信阳,,337,37,f,https://m.weibo.cn/u/5051170219?,正面,2024-09-30 10:42:33
7764973913,OzlAWDb24,转身遇见世界上最好的你-Santa,2024-09-30 10:05:19,#电影危机航线##看危机航线癫爽解压一步到位#  @电影危机航线 🌌刚刚走出电影院，心中满是《危机航线》留下的震撼。这部电影将一次看似平常的国际航班变成了生死攸关的战场。刘德华饰演的角色高皓军，不仅是一个英勇的安保专家，更是一个深爱着女儿和前妻的父亲。在万米高空，他不仅要与劫匪斗智斗勇 ...全文,0,1,0,中国,浙江,杭州,只为赞多种树~喜欢优秀努力的街舞世界冠军~,37,497,f,https://m.weibo.cn/u/7764973913?,正面,2024-09-30 10:42:33
7892135501,OzlAL6QVX,好运猫猫不打烊,2024-09-30 10:04:50,#电影危机航线##看危机航线癫爽解压一步到位#  @电影危机航线 刚看完刘德华和屈楚萧主演的《危机航线》，简直是国庆档的一股“疯”狂清流！刘德华屈楚萧新片他逃他追，这剧情，这演技，让我直呼过瘾！  五亿美金，诱惑力max！有人为了这巨额财富，直接“疯”了，策划了一场高空惊魂。而另一边，刘德华 ...全文,0,1,0,中国,广东,河源,素材来源于网络，如有侵权，删,254,1106,m,https://m.weibo.cn/u/7892135501?,正面,2024-09-30 10:42:33
